id,text,label
0,NhÃ¬n chung lÃ  sáº½ khÃ´ng bao giá» quay láº¡i ! ! ! ! !,negative
1,QuÃ¡n hay má»Ÿ nháº¡c xÆ°a .,positive
2,VÃ  táº¥t cáº£ Ä‘á»u tuyá»‡t luÃ´n .,positive
3,Khoai miáº¿ng to giÃ²n Ä‘áº­m Ä‘Ã ,positive
4,"- ChÃ¢m trÃ  nÃ³ng / láº¡nh , khÄƒn free .",positive
5,MÃ¬ Ã½ kem bÃ² khÃ¡ ngon .,positive
6,TrÃ´ng má»i thá»© cÃ³ váº» sáº¡ch,positive
7,â™¢ GiÃ¡ cáº£ hÆ¡i cao ( tá»« 40k trá»Ÿ lÃªn ),negative
8,Kháº©u vá»‹ : phÃ¹ há»£p vá»›i ngÆ°á»i Viá»‡t .,positive
9,- Äu Ä‘á»§ thÃ¬ cá»©ng sÆ°á»£ng & chiáº¿m pháº§n lá»›n .,negative
10,Nv ok bá»ng ngon : x,positive
11,"Mua deal ngon , cua tÆ°Æ¡i ,",positive
12,NhÃ¢n viÃªn thÃ¬ ta nÃ³i thÃ´i ráº¥t tá»“i tá»‡ .,negative
13,1 cáº£m giÃ¡c khi mua mÃ  nhÆ° bá»‹ lá»«a,negative
14,KhÃ¡ cháº­t háº¹p.,negative
15,ÄÃ£ Äƒn á»Ÿ Ä‘Ã¢y Ä‘Æ°á»£c 2 láº§n .,negative
16,NhÃ¢n viÃªn thá»³ luÃ´n niá»m ná»Ÿ vá»›i khÃ¡ch hÃ ng,positive
17,Chá» dÃ i cá»• 30 ' má»›i Äƒn Ä‘c,negative
18,NhÃ¢n viÃªn khÃ´ng thÃ¢n thiá»‡n cho láº¯m .,negative
19,MÃ³n gÃ  ngá»t nhÆ° Ä‘ang uá»‘ng nÆ°á»›c Ä‘Æ°á»ng,negative
20,"á»c tÆ°Æ¡i , cháº¿ biáº¿n Ä‘áº­m Ä‘Ã  , ngon",positive
21,Äá»“ Äƒn sÃ¡ng ngon vÃ  Ä‘áº§y Ä‘á»§,positive
22,Ä‘áº§u báº¿p quÃ¡ tá»‡ vÃ  náº¥u quÃ¡ lÃ¢u,negative
23,"KhÃ´ng gian nhá» nháº¯n , nhÃ¬n ráº¥t áº¥m cÃºng .",positive
24,Decor siÃªu Ä‘áº¹p vÃ  dá»… thÆ°Æ¡ng ğŸ˜,positive
25,1 láº§n ghÃ© vÃ o t 2 mÃ  Ä‘Ã³ng cá»­a,negative
26,"KhÃ´ng gian quÃ¡n rá»™ng , trang trÃ­ dá»… thÆ°Æ¡ng < 3",positive
27,GiÃ¡ cáº£ tá»‘t so vá»›i khu nÃ y .,positive
28,NÃ³i chung lÃ  Äƒn tháº¥y ngÃ¡n ngÃ¡n ...,negative
29,NÃ³i chung lÃ  ghÃ© má»™t láº§n cho biáº¿t thÃ´i .,negative
30,Vá» khoing gian mÃ¡t máº» thoáº£i mÃ¡i láº¯m,negative
31,- Chá»— ngá»“i rá»™ng thoÃ¡ng mÃ¡t,positive
32,xin trá»« Ä‘iá»ƒm cháº¥t lÆ°á»£ng Ä‘i,negative
33,- vá» vá»‹ trÃ­ : hÆ¡i khÃ³ tÃ¬m,negative
34,á» Ä‘Ã¢u ráº» Ä‘c tháº¿ @ . @,positive
35,"Â  Anh phá»¥c vá»¥ áº­m á» , "" tá»« tá»« rá»“i tá»›i lÆ°á»£t """,negative
36,HÃ¬nh áº£nh chá»‰ mang tÃ­nh cháº¥t minh há»a thÃ´i ...,negative
37,Cháº¯c sáº½ ko quay láº¡i láº§n 2 Ä‘Ã¢u ğŸ˜Œ,negative
38,Ko cÃ³ Ã½ Ä‘á»‹nh quay láº¡i .,negative
39,Bye bye chá»• nÃ y mÃ£i mÃ£i .,negative
40,ko cÃ³ chá»— ngá»“i,negative
41,Ko cÃ³ láº§n thá»© 2 luÃ´n .,negative
42,"Thá»‹t 3 chá»‰ quÃ¡ khÃ´ , Äƒn cá»©ng láº¯m .",negative
43,Äá» nghá»‹ chá»§ quÃ¡n nÃªn xem láº¡i :,negative
44,takoyaki thÃ¬ ko cÃ³ gÃ¬ Ä‘áº·c sáº¯c,negative
45,Má»™t Ä‘i khÃ´ng muá»‘n quay trá»Ÿ láº¡i ! ! !,negative
46,CÃ³ nhiá»u nguyÃªn liá»‡u trang trÃ­ dá»… thÆ°Æ¡ng .,positive
47,Trung bÃ¬nh lÃ  10 Ä‘iá»ƒm hehe,positive
48,Cáº£m tháº¥y phá»¥c vá»¥ ráº¥t tá»‘t Â  áº¡ ! ! !,positive
49,Cháº£o Restaurant lÃ  má»™t lá»±a chá»n há»£p lÃ­ .,positive
50,- Pháº£i Ä‘á»£i chá» lÃ¢u tháº­t lÃ¢u,negative
51,BÃºn cháº£ ngon Ä‘áº§y Ä‘áº·n khÃ´ng gian rá»™ng,positive
52,- Phá»¥c vá»¥ : dá»… thÆ°Æ¡ng nhiá»‡t tÃ¬nh láº¯m hÃ­ hÃ­,positive
53,KhÃ´ng Ä‘Ã¡ng vá»›i giÃ¡ 50k .,negative
54,NÃ³i chung lÃ  ráº¥t lÃ  khÃ´ng thÃ­ch,negative
55,Pháº£i nÃ³i store nÃ y quÃ¡ tá»‡ .,negative
56,"NhÃ¢n viÃªn nhiá»‡t tÃ¬nh , quÃ¡ Æ° thÃ¢n thiá»‡n hiáº¿u khÃ¡ch",positive
57,â€¢ TrÃ  sá»¯a + tháº¡ch : ngá»t nhÆ° Ä‘Æ°á»ng,negative
58,"GiÃ¡ khÃ¡ cao , phá»¥c vá»¥ cháº£nh : )",negative
59,SÄ‘t lÃ¢u má»›i gá»i Ä‘c,negative
60,KhÃ´ng gian hÆ¡i tá»‘i nhÆ°ng rá»™ng,negative
61,"QuÃ¡n thÃ¬ táº§m thÆ°á»ng , bÃ© , xáº¥u",negative
62,GiÃ¡ cáº£ thÃ¬ cÅ©ng hem pháº£i ráº»,negative
63,CÃ³ kem sáº§u riÃªng thÃ¬ ngon : ) ),positive
64,trÃ¡nh nÃ³ng lÃ  há»£p lÃ½ nháº¥t,positive
65,"nhÃ¢n viÃªn dá»… thÆ°Æ¡ng , biáº¿t chiá»u khÃ¡ch",positive
66,TrÃ  sá»¯a nhai luÃ´n ly ^ ^,positive
67,NhÃ¢n viÃªn dá»… thÆ°Æ¡ng chÆ°a tÆ°ng tháº¥y,positive
68,"Äiá»ƒm cá»™ng khÃ´ng gian thoÃ¡ng mÃ¡t , rá»™ng rÃ£i .",positive
69,"Gia Ä‘Ã¬nh thÃ¬ cÃ³ phÃ²ng áº¥m cÃºng , sang trá»ng .",positive
70,"- NhÃ¬n chung quÃ¡n sáº¡ch , cÃ³ khÃ´ng gian",positive
71,"Äiá»ƒm cá»™ng : khÃ´ng gian Ä‘áº¹p , sang trá»ng",positive
72,"Cá»©ng quÃ¡ , nhiá»u mÃ¹i quÃ¡ ná»“ng , khÃ´ng tá»± nhiÃªn .",negative
73,"QuÃ¡n cÅ©ng dá»… tÃ¬m , khÃ´ng gian k thoáº£i mÃ¡i láº¯m .",negative
74,KhÃ´ng cháº¥p nháº­n Ä‘á»±Æ¡c ... tháº­t tháº¥t vá»ng ...,negative
75,Phá»¥c vá»¥ cÅ©ng khÃ¡ Ä‘Ã´ng mÃ  lÆ¡ ngÆ¡ .,negative
76,"Menu : GiÃ¡ cáº£ cao , Äƒn vá»«a Ä‘á»§ no .",positive
77,Ä‘Ãªn hokkaido vÃ o má»™t chiá»u mÆ°a â˜” ï¸ âš¡ ï¸ â˜” ï¸,positive
78,"MÃ³n Äƒn Ä‘a dáº¡ng , vs vÃ  sáº¡ch sáº½",positive
79,"- NÆ°á»›c sá»‘t Ä‘áº·c trÆ°ng , ráº¥t ngon",positive
80,Táº¥t nhiÃªn ko bao giá» mua ná»¯a,negative
81,Soda blueberry Ä‘Ãºng lÃ  Ä‘Æ¡n Ä‘iá»‡u tháº­t mÃ  Ä‘áº¯t     ',negative
82,DÆ¡ vÃ  cÃ²n cÃ³ cáº£ ruá»“i,negative
83,QuÃ¡n nhá» hÆ¡n tÆ°á»Ÿng tÆ°á»£ng vÃ  khÃ¡ á»“n .,negative
84,Resort 3 sao mÃ  quÃ¡ tá»‡ !,negative
85,Táº¿t láº¡i ghÃ© Äƒn tiáº¿p .,positive
86,Sáº½ ghÃ© láº¡i thÆ°á»ng xuyÃªn ^ 0 ^,positive
87,KhÃ´ng thÃ¨m chÃº Ã½ coi luÃ´n ... . .,negative
88,"+ + + phá»¥c vá»¥ : rat tá»‘t , nhiá»‡t tÃ¬nh vui váº»",positive
89,LÃ  Ä‘á»‹a Ä‘iá»ƒm Ä‘áº» tá»¥ táº­p báº¡n bÃ¨ há»£p lÃ­,positive
90,- thá»©c Äƒn náº¥u sáºµn bá»‹ nguá»™i,negative
91,KhÃ´ng bao giá» vÃ´ kiá»ƒu quÃ¡n tháº¿ nÃ y !,negative
92,GÃ  táº§n ngon Ä‘áº­m Ä‘Ã  thÆ¡m mÃ¹i thuá»‘c báº¯c,negative
93,Káº¿t luáº­n má»™t cÃ¢u ko bao giá» ghÃ© láº§n 2 .,negative
94,"Rau sá»‘ng Äƒn kÃ¨m ko sáº¡ch , nÆ°á»›c cháº¥m á»•n",negative
95,KhÃ´ng gian : cá»±c dá»… chá»‹u . Trang trÃ­ cá»• Ä‘iá»ƒn .,positive
96,"NÆ°á»›c cháº¥m pha ráº¥t ngon , Ä‘áº­m Ä‘Ã ",positive
97,QuÃ¡n cÃ³ hai gian rá»™ng rÃ£i .,positive
98,"QuÃ¡n thiáº¿t káº¿ Ä‘áº¹p , khÃ´ng gian thoÃ¡ng mÃ¡t .",positive
99,ThÃ­ch há»£p Ä‘i vá»›i báº¡n bÃ¨ / gia Ä‘Ã¬nh .,positive
100,Lá»›p Bá»™t thÃ¬ dÃ y lÃ m ngÃ¡n kinh khá»§ng .,negative
101,Sáº½ quay láº¡i láº§n sauuuu ! !,positive
102,NhÃ¢n viÃªn á»Ÿ Ä‘Ã¢y khÃ¡ nhiá»‡t tÃ¬nh .,positive
103,CÃ¡c báº¡n nÃªn xem ká»¹,negative
104,NhÃ¢n viÃªn phá»¥c vá»¥ tá»‘t vui váº» nhiá»‡t tÃ¬nh .,positive
105,Hix ... biáº¿t váº­y khá»i Ä‘áº·t bÃ n trÆ°á»›c cho rá»“i .,negative
106,"Sá»£ lun , k bao giá» quay láº¡i láº§n 2 .",negative
107,Nháº¥t Ä‘á»‹nh sáº½ quay láº¡i Cua biá»ƒn ! !,positive
108,"GiÃ¡ cÅ©ng Ä‘Æ°á»£c , nhÃ¢n viÃªn dá»… thÆ°Æ¡ng .",positive
109,NhÆ°ng nÃ³i chung lÃ  ráº¥t ok,positive
110,Cáº£m tháº¥y khÃ´ng nÃªn Ä‘áº¿n láº¡i,negative
111,NÃ³i chung lÃ  thÃ­ch thÃ­ch thÃ­ch ! ! ! !,positive
112,â–ª ï¸ NÃ³i chung k cÃ³ Ä‘iá»ƒm trá»« ğŸ˜„,positive
113,"Vá»‹ trÃ­ : gáº§n trung tÃ¢m , dá»… tÃ¬m",positive
114,Giá»¯ xe khÃ´ng an toÃ n vÃ¬ pháº£i Ä‘Æ°a chÃ¬a khÃ³a,negative
115,CÃ³ dá»‹p sáº½ quay láº¡i ğŸ˜¤ ğŸ˜¤ ğŸ˜¤,positive
116,Ah cháº¯c khi dá»… ng khÃ¡c,negative
117,Tá»‘i ra Ä‘Ã¢y ngá»“i mÃ¡t .,positive
118,Thá»©c Äƒn cÅ©ng le que máº¥y miáº¿ng dÄ©a,negative
119,QuÃ¡n ráº¥t rá»™ng vÃ  thoÃ¡ng .,positive
120,"View toÃ n lÃ  kpop , nháº¡c kpop : ) )",negative
121,Má»™t Ä‘iá»ƒm trá»« to Ä‘Ã¹ng cho quÃ¡n !,negative
122,Nháº­n xÃ©t riÃªng : KhÃ´ng quay láº¡i láº§n thá»© 2,negative
123,NhÃ¢n viÃªn ráº¥t chu Ä‘Ã¡o vÃ  lanh láº¹ thÃ­ch .,positive
124,GiÃ¡ cáº£ láº¡i máº¯c so vá»›i cháº¥t lÆ°á»£ng cá»§a nÃ³,negative
125,QuÃ¡n nhá» hÆ¡n khÃ³ tÃ¬m xÃ­u,negative
126,Káº¿t : má»™t Ä‘i khÃ´ng trá»Ÿ láº¡i .,negative
127,"Khai vá»‹ : cÃ¡ trá»©ng , cÃ¡nh gÃ  - > ngon .",positive
128,Qua 2 láº§n mÃ  váº«n chÆ°a Ä‘c Äƒn,negative
129,- Äá»“ Äƒn ngonnnn láº¯m lun Ã­ .,positive
130,NhÃ¢n viÃªn kÃ©m thÃ¢n thiá»‡n vÃ  thiáº¿u chuyÃªn nghiá»‡p .,negative
131,The best ever of nÆ°á»›ng lá»¥i : ) ),positive
132,"PhÃ²ng bÃ¬nh thÆ°á»ng , cÃ³ mÃ¹i hÃ´i !",negative
133,- QuÃªn luÃ´n nÆ°á»›c uá»‘ng cá»§a 1 khÃ¡ch .,negative
134,"- áº¾ch khÃ¡ tháº¥m , nhÆ°ng nÆ°á»›c láº¡t .",negative
135,KhÃ´ng gian thoÃ¡ng mÃ¡t chuáº©n ok,positive
136,âœ” ï¸ Menu phong phÃº vÃ  ráº¥t ngon .,positive
137,NhÃ¢n viÃªn ráº¥t dá»… thÆ°Æ¡ng vÃ  nhiá»‡t tÃ¬nh,positive
138,"Ä‚n rá»“i , chá»‰ cáº£m tháº¥y uá»•ng tiá»n ğŸ˜‘",negative
139,NhÃ¢n viÃªn khÃ´ng nhiá»‡t tÃ¬nh . Phá»¥c vá»¥ chÃ¡n .,negative
140,- KhÃ´ng gian khÃ¡ nhá» vÃ  váº¯ng,negative
141,2.5 / 5 cho máº¥y cÃ¡i cÃ²n láº¡i ğŸ’›,negative
142,Äiá»ƒm + cho táº¥t cáº£ má»i thá»©,positive
143,ÄÃ¡nh giÃ¡ cao á»Ÿ Ä‘iá»ƒm ngoan + lá»… phÃ©p .,positive
144,1 . Phá»¥c vá»¥ quÃ¡ thiáº¿u chuyÃªn nghiá»‡p .,negative
145,"NhÃ¢n viÃªn vui váº» , chuyÃªn nghiá»‡p vÃ  nhÃ£ nháº·n .",positive
146,cÆ¡m cuá»™n teriyaki vá»‹ cÅ©ng ok .,positive
147,CÃ³ cáº£ kim chi cá»§ cáº£i lun .,positive
148,Menu Ä‘Æ¡n giáº£n nhÆ°ng giÃ¡ ráº¥t ok ğŸ‘,positive
149,CÃ³ ship hÃ ng táº­n nÆ¡i,positive
150,"Thá»©c Äƒn nÃªm náº¿m há»£p kháº©u vá»‹ , ngon miá»‡ng .",positive
151,KhÃ´ng gian quÃ¡n trÃ´ng khÃ¡ hay .,positive
152,Ko bh qay láº¡i láº§n 2 ! !,negative
153,TrÃ  Ä‘en khÃ´ng máº­p muÃ´n lÄƒm ^ ^,positive
154,"BÃ¡nh ngon , má»m , thÆ¡m tÆ°Æ¡i",positive
155,ÄÃ£ Ä‘áº¿n vÃ  ráº¥t hÃ i lÃ²ng .,positive
156,mÃ³n nÃ o cÅ©ng tuyá»‡t vá»i háº¿t !,positive
157,NÃ³i chung lÃ  k quay láº¡i ná»¯a,negative
158,+ NhÃ¬n chung thÃ¬ há»£p vá»›i tuá»•i teen,positive
159,- Phá»¥c vá»¥ cÃ²n quÃ¡ nhiá»u váº¥n Ä‘á» :,negative
160,- KhÃ¡ch pháº£i tá»± coi xe,negative
161,Ä‚n xong hÆ¡i bá»‹ hÃ´i miá»‡ng,negative
162,Tá»± Ã½ thÃªm mÃ³n khÃ¡ch khÃ´ng chá»n. ,negative
163,VÃ´ cÃ¹ng háº¥p dáº«n nha m . n ^ ^,positive
164,Káº¿t quáº£ lÃ  1 sá»± tháº¥t vá»ng Ãª chá»,negative
165,"ChÃ¡n láº¯m , khÃ´ng bao giá» quay láº¡i ná»¯a",negative
166,NÃ³i chung sáº½ thÆ°á»ng xuyÃªn ghÃ© quÃ¡n,positive
167,ğŸ‘ Äiá»ƒm trá»« : mÃ³n quáº©y cá»©ng quÃ¡ ğŸ˜’,negative
168,P / s : 100% sáº½ trá»Ÿ láº¡i,positive
169,- Anh chá»‹ chá»§ dá»… thÆ°Æ¡ng vÃ  nhiá»‡t tÃ¬nh,positive
170,GhÃ© Ä‘Ã¢y Äƒn dc 2 láº§n,negative
171,Matcha 10k cá»±c cháº¥t,positive
172,QuÃ¡n phá»¥c vá»¥ k nhiá»‡t tÃ¬nh láº¯m,negative
173,"NhÃ¢n viÃªn : phá»¥c vá»¥ nhanh , vui váº» , nhiá»‡t tÃ¬nh",positive
174,NÃ³i chung lÃ  k bao giá» quay trá»Ÿ láº¡i Ä‘Ã¢y ná»¯a !,negative
175,NÃ³i chung lÃ  ko nÃªn vÃ o,negative
176,NhÆ°ng táº¡i Aeon Mall láº§n nÃ y thÃ¬ tháº¥t vá»ng kinh khá»§ng .,negative
177,NÃ³i chung lÃ  á»•n ! ! Sáº½ quay láº¡i ... .,positive
178,KhÃ´ng cÃ³ Ã½ Ä‘á»‹nh quay láº¡i !,negative
179,CÃ³ nhÃ¢n viÃªn dáº¯t giá»¯ xe,positive
180,"NhÃ¢n viÃªn thÃ¢n thiá»‡n , siÃªu nhiá»‡t tÃ¬nh , lá»… phÃ©p .",positive
181,"QuÃ¡n lá» Ä‘Æ°á»ng , khÃ¡ dÆ¡ , ngay khu chá»£",negative
182,- chÃ¢n gÃ  rang muá»‘i ngon,positive
183,"KhÃ´ng gian tá»‘i tÄƒm , dÆ¡ , wc cÅ©ng ghÃª .",negative
184,"- Háº¿t bÃ n rá»“i , Ä‘i vá» Ä‘i .",negative
185,Má»±c chiÃªn giÃ²n cÅ©ng ngon,positive
186,"KhÃ´ng gian quÃ¡n thoÃ¡ng mÃ¡t , rá»™ng rÃ£i ...",positive
187,- 1 mÃ³n > 30k ( vÃ  Ã­t ),negative
188,Vá»‹ trÃ­ cÅ©ng khÃ¡ dáº½ tÃ¬m .,positive
189,NhÃ¢n viÃªn giá»¯ xe lÆ°á»i kinh khá»§ng,negative
190,+ 1 Ä‘Ä©a mÃ¬ xÃ o háº£i sáº£n,negative
191,NhÆ°ng khÃ´ng gian hÆ¡i cháº­t T . T,negative
192,NÃ³i chung lÃ  ráº¥t yÃªu quÃ¡n nÃ y ^ ^,positive
193,"NhÆ°ng Ä‘á»“ Äƒn Ã­t , k ngon láº¯m",negative
194,CÃ³ mÃ¹i dáº§u má»¡ quÃ¡ nhiá»u,negative
195,DÃ¹ sao thÃ¬ : miá»…n quay láº¡i - . . -,negative
196,Äá»“ Äƒn cÅ©ng Ä‘Æ°á»£c nhÆ°ng phá»¥c vá»¥ thÃ¬ vÃ´ cÃ¹ng tá»‡ .,negative
197,1 Ä‘i ko trá»Ÿ láº¡i nhÃ©,negative
198,MÃ³n Ä‘Æ°á»£c Äƒn Ã¢m áº¥m nÃ³ng .,positive
199,Ko gian mÃ u há»“ng zá»… thÆ°Æ¡ng,positive
200,Chá»‰ cÃ³ an nhiÃªn á»Ÿ láº¡i ...,positive
201,"MÃ³n Äƒn ngon , giÃ¡ cáº£ há»£p lÃ½",positive
202,Quáº£n lÃ½ nhÆ° váº­y rá»“i nhÃ¢n viÃªn ra sao,negative
203,Báº¯t Ä‘áº§u cÃ¡c Ä‘iá»ƒm trá»« nha :,negative
204,Ä‚n 1 láº§n cáº¡ch luÃ´n,negative
205,Äiá»ƒm 10 cho cháº¥t lÆ°á»£ng nghen,positive
206,"BÃ¡nh mÃ¬ khÃ´ng ngon , khÃ´ng Ä‘áº·c sáº¯c",negative
207,"BÃ¡c báº£o vá»‡ vui tÃ­nh , hÃ²a Â  Ä‘á»“ng . + 1",positive
208,Mong quÃ¡n cáº£i thiá»‡n láº¡i nÆ°á»›c cháº¥m !,negative
209,QuÃ¡n náº±m ngay Nguyá»…n TrÃ£i Q1 thuáº­n lá»£i .,positive
210,GiÃ¡ cáº£ ko há» ráº».,negative
211,lÃ¢u lÃ¢u Ä‘á»•i giÃ³ chÃºt cÅ©ng ok !,negative
212,Ä‘á»“ Äƒn ngon . ko khÃ­ vui váº»,positive
213,nÃ³i chung sáº½ ghÃ© Ä‘Ã¢y ná»­a ^ ^,positive
214,CÃ¡c báº¡n pháº£i cáº©n tháº­n khi vÃ o quÃ¡n nÃ y,negative
215,"  KhÃ´ng gian : rá»™ng rÃ£i , thoáº£i mÃ¡i , sang trá»ng .",positive
216,Ngá»“i Ä‘Ã¢y rá»™ng rÃ£i hÆ¡n cáº£,positive
217,"KhÃ´ng gian quÃ¡n thoáº£i mÃ¡i , trang trÃ­ Ä‘áº¹p",positive
218,QuÃ¡n nhá» nhÆ°ng view Ä‘áº¹p ğŸ‘ ğŸ»,positive
219,NÆ°á»›c ok . GiÃ¡ cÅ©ng á»•n .,positive
220,XoÃ i ngon nhÆ°ng hÆ¡i chua > . <,positive
221,Gáº§n ngÃ£ 4 cf Äá»“ng Dao . Äá»‘i diá»‡n cf CÃ¢y Äiá»‡p .,positive
222,BÃ¡nh bÃ¨o quÃ¡ nhá» láº¡i Ã­t,negative
223,Láº§n sau tá»›i nháº¥t Ä‘á»‹nh thá»­,positive
224,MÃ³n salad quÃ¡ tá»‡ . Chua & láº¡t vÃ´ cÃ¹ng .,negative
225,"KhÃ´ng gian tuyá»‡t Ä‘áº¹p - yÃªn tÄ©nh , lÃ£ng máº¡n , sáº¡ch sáº½ .",positive
226,  > BÃ¬nh thÆ°á»ng nhÆ° má»i quÃ¡n dimsum,negative
227,Khu trÃ² chÆ¡i nÃ y thá»±c sá»± há»¯u Ã­ch .,positive
228,  NÆ°á»›c ngá»t 12k táº¡m á»•n,positive
229,Tháº¥t vá»ng khi Äƒn á»Ÿ quÃ¡n nÃ y .,negative
230,â€¢ NhÃ¢n viÃªn sáºµn sÃ ng tÆ° váº¥n giÃºp Ä‘á»¡ táº­n tÃ¬nh .,positive
231,"- NhÃ¢n viÃªn dá»… thÆ°Æ¡ng , nÃ³i chuyá»‡n nháº¹ nhÃ ng vÃ´ cÃ¹ng",positive
232,"+ Láº©u dÃª bÃ¬nh thÆ°á»ng , khÃ´ng gÃ¬ Ä‘áº·c sáº¯c .",negative
233,Thá»© 2 : phá»¥c vá»¥ thÃ¬ quÃ¡ bt,negative
234,quÃ¡n hÆ¡i khÃ³ kÃ­m má»™t táº¹o,negative
235,Há»p máº·t Báº¡n bÃ¨ hay gia Ä‘Ã¬nh Ä‘á»u phÃ¹ há»£p .,positive
236,Gia Ì ca Ì‰ hÆ¡ Ì£ p li Ì .,positive
237,QuÃ¡n xa hÆ¡n nhÃ  mÃ¬nh .,negative
238,Sá»£i má»³ thÃ¬ quÃ¡ dÃ y .,negative
239,"HÆ¡n ná»¯a thÃ¡i Ä‘á»™ phá»¥c vá»¥ k tá»‘t , thiáº¿u thÃ¢n thiá»‡n",negative
240,QuÃ¡n phÃ¹ há»£p vá»›i viá»‡c Äƒn váº·t .,positive
241,KhÃ´ng cáº§n xáº¿p hÃ ng hay chá» Ä‘á»£i,positive
242,Äiá»ƒm trá»« dÃ nh cho quÃ¡n :,negative
243,"KhÃ´ng gian Ä‘áº¹p , yÃªn tÄ©nh , sang trá»ng lá»‹ch sá»± .",positive
244,Nháº¥t lÃ  má»±c chiÃªn xÃ¹ thÃ¬ chÃ¡y .,negative
245,"- Äá»“ Äƒn Ä‘Æ°á»£c , nÃªm náº¿m vá»«a miá»‡ng",negative
246,Sáº½ cÃ²n quay láº¡i quÃ¡n,positive
247,"- NhÃ¢n viÃªn : cÅ©ng Ä‘Æ°á»£c , khÃ´ng áº¥n tÆ°á»£ng nhiá»u .",positive
248,CÆ¡m trá»™n khÃ´ng ngon nhÆ° trÆ°á»›c .,negative
249,CÆ¡m chÃ¡y thÃ¬ quÃ¡ nhiá»u dáº§u .,negative
250,- MÃ³n nui chua nhÆ° giáº¥m,negative
251,MÃ¬nh cáº£m tháº¥y mÃ¬nh k Ä‘Æ°á»£c tÃ´n trá»ng ! ! !,negative
252,"NhÃ¢n viÃªn ráº¥t dá»… thÆ°Æ¡ng , phá»¥c vá»¥ táº­n tÃ¬nh .",positive
253,ÄÃ´i lá»i gÃ³p Ã½ gá»­i tá»›i TH .,negative
254,MÃ  mÃ¬nh phá»§ sá»‘t Tobokki cay quÃ¡ : (,negative
255,^ ^ Má»™t quÃ¡n ráº¥t Ä‘Ã¡ng thá»­ .,positive
256,Äá»‘i vá»›i mÃ¬nh mÃ³n nÃ y dá»Ÿ tá»‡,negative
257,GiÃ¡ cáº£ máº¯c so vá»›i sinh viÃªn . .,negative
258,mÃºn khÃ³c rÃ²ng vá»›i quÃ¡n lun,negative
259,Ä‚n tháº¥y ko ngon gÃ¬ háº¿t : (,negative
260,Äá»“ chua mÃ¹i kÃ¬ kÃ¬,negative
261,Thá» lÃ  ko bao h quay láº¡i ná»¯a,negative
262,NÆ°á»›c uá»‘ng giÃ¡ cÅ©ng phÃ¹ há»£p,positive
263,Thá»© 4 : nhÃ¢n viÃªn cÃ  lÆ¡ pháº¥t phÆ¡ vá»›i khÃ¡ch,negative
264,+ KhÃ´ng nÃªn xem ráº¡p nÃ y,negative
265,Sau gáº§n nhÃ  cÅ©ng k muá»‘n quay láº¡i .,negative
266,Láº§n Ä‘áº§u Ä‘áº¿n vÃ  thá»±c sá»± khÃ´ng áº¥n tÆ°á»£ng máº¥y :,negative
267,"In short , mÃ¬nh vÄ©nh biá»‡t nhÃ© , Nomad Æ¡i : *",negative
268,- cuá»‘i tuáº§n cÃ³ cÃ¡c band nháº¡c,positive
269,Láº©u ThÃ¡i á»Ÿ Ä‘Ã¢y ráº¥t ngon .,positive
270,VÃ  Ä‘Ã¢y lÃ  láº§n cuá»‘i tá»›i quÃ¡n,negative
271,MÃ³n bÃ² udon siÃªu kÃ¬ : (,negative
272,"- QuÃ¡n Ä‘áº¹p , rá»™ng rÃ£i , cÃ³ cáº£ mÃ¡y láº¡nh vÃ  wifi",negative
273,NÃ³i chung giÃ¡ bÃ¬nh dÃ¢n nhÆ°ng chÃ¡n .,negative
274,Nháº¥t Ä‘á»‹nh mÃ¬nh sáº½ quay láº¡i !,positive
275,NgoÃ i ra thÃ¬ mÃ¬nh hÆ¡i tháº¥t vá»ng,negative
276,"QuÃ¡n trang trÃ­ dá»… thÆ°Æ¡ng , khÃ´ng gian áº¥m cÃºng",positive
277,MÃ¬nh tÃºm gá»n tháº¿ nÃ y nhÃ© :,negative
278,GiÃ¡ thÃ nh Ä‘i Ä‘Ã´i vá»›i cháº¥t lÆ°á»£ng thÃ´i .,positive
279,CÃ³ thá»ƒ mÃ¬nh sáº½ khÃ´ng quay láº¡i quÃ¡n nÃ y .,negative
280,- Láº§n Ä‘áº§u cÅ©ng nhÆ° láº§n cuá»‘i !,negative
281,Chá»• thÃ­ch há»£p Äƒn uá»‘ng cÃ¹ng báº¡n bÃ¨ .,positive
282,"Báº£o vá»‡ , giá»¯ xe : nhiá»‡t tÃ¬nh thÃ¢n thiá»‡n",positive
283,"Nhá»«ng Ä‘á»“ Äƒn ngon , giÃ¡ táº¡m Ä‘Æ°á»£c !",positive
284,+ ÄÆ°á»£c mang phim theo coi,positive
285,NÃ³i cá»¡ nÃ o cÅ©ng khÃ´ng chá»‹u .,negative
286,- BÃ² má»m vÃ  Æ°á»›p vá»«a miá»‡ng .,positive
287,CÃ²n Ä‘iá»ƒm trá»« thÃ¬ quÃ¡ nhiá»u :,negative
288,"GiÃ¡ cáº£ cÅ©ng k pháº£i lÃ  ráº» , bÃ¬nh thÆ°á»ng .",negative
289,GiÃ¡ cáº£ cá»±c thÃ­ch há»£p cho sinh viÃªn chÃºng tá»› .,positive
290,Cháº¥t lÆ°á»£ng : kem lÃ m ngon . Nhanh,positive
291,- Ko gian quÃ¡n : QuÃ¡ nÃ³ng,negative
292,NÃ³i chung lÃ  ... sáº½ ko cÃ³ láº§n sau,negative
293,- Phá»¥c vá»¥ ráº¥t tá»‘t áº¡ : 3,positive
294,GiÃ¡ thÃ¬ cÅ©ng ok rá»“i .,positive
295,CÃ¡i há»‡ thá»‘ng lÃ m Äƒn gÃ¬ láº¡ Ä‘á»i .,negative
296,Soda Ä‘Æ°á»£c Ä‘á»±ng trong chai Ä‘áº¹p máº¯t .,negative
297,NhÃ¢n viÃªn láº«n bÃ  chá»§ Ä‘á»u nhÆ° shit .,negative
298,"MÃ³n Äƒn á»Ÿ Ä‘Ã¢y tháº­t tuyá»‡t ,",positive
299,"  Phá»¥c vá»¥ nhanh , nhiá»‡t tÃ¬nh , vui váº» .",positive
300,  Ly dá»«a táº¯c cÃ³ tÃ³c trong Ä‘Ã³ !,negative
301,á» trong chá»¥p áº£nh khÃ¡ áº£o .,positive
302,"- Vá»‹ trÃ­ : ngay máº·t Ä‘Æ°á»ng , dá»… tháº¥y dá»… tÃ¬m",negative
303,MÃ¬nh sáº½ á»§ng há»™ quÃ¡n lÃ¢u dÃ i .,positive
304,Há»©a háº¹n sáº½ KhÃ´ng quay láº¡i,negative
305,"Giá»¯ xe thu phÃ­ cao , cÃ³ chÃ³ dá»¯ ğŸ˜“",negative
306,Äiá»ƒm + lÃ  bÃ¡n hÃ ng nhanh nháº¹n .,positive
307,Náº¥u Ä‘á»“ Äƒn mÃ  gá»›m cháº¿t,negative
308,Nem chua rÃ¡n hÃ  ná»™i 50 ngÃ n,positive
309,ChÃºc cafe shop má»™t ngÃ y an lÃ nh .,positive
310,view táº§ng 2 toÃ n dÃ¢y Ä‘iá»‡n,negative
311,"NhÃ  hÃ ng Ä‘áº¹p , rá»™ng rÃ£i , khÃ´ng gian sang trá»ng .",positive
312,- hÃ u : máº­p vÃ  phÃ´ mai nhiá»u,negative
313,Äc 1 cÃ¡i kinh nghiá»‡m Ä‘au thÆ°Æ¡ng .,negative
314,"- vá»‹ trÃ­ khÃ¡ khuáº¥t , dá»… bá»‹ bá» qua",positive
315,CÆ¡m xÃ o tá»i ngon . ThÆ¡m phá»©c .,positive
316,MÃ³n Äƒn ngon vÃ  Ä‘a dáº¡ng .,positive
317,ChÃº báº£o vá»‡ dáº¯t xe siÃªu cute,positive
318,Hi vá»ng cÃ¡c báº¡n rÃºt kinh nghiá»‡m nhÃ© : ),negative
319,"á» vá»‰a hÃ¨ nÃªn thoáº£i mÃ¡i , mÃ¡t máº»",positive
320,  > BÃ¬nh thÆ°á»ng nhÆ° má»i quÃ¡n dimsum,positive
321,Cháº¯n cháº¯n sáº½ quay láº¡i,positive
322,"NhÃ¢n viÃªn lá»‹ch sá»± , lá»… phÃ©p tÆ° váº¥n nhiá»‡t tÃ¬nh",positive
323,ÄÆ°á»£c nÆ°á»›c tÆ°Æ¡ng cháº¥m khÃ¡ ngon .,negative
324,Náº¿u dc sáº½ quay láº¡i !,positive
325,Fai quay láº¡i quÃ¡n Äƒn thui,positive
326,nÃ³i chung lÃ  ko quay láº¡i láº§n 2,negative
327,CÃ¡c báº¡n phá»¥c vá»¥ cáº§n nhanh nháº¹n hÆ¡n .,positive
328,Chung quy lÃ  thÃ¡i Ä‘á»™ phá»¥c vá»¥ QUÃ Tá»†,negative
329,"- Æ¯u : siro nhiá»u , nhÃ¬n sáº¡ch sáº½ vá»‡ sinh .",positive
330,"NhÃ¢n viÃªn thÃ¬ phá»¥c vá»¥ chu Ä‘Ã¡o , nhiá»‡t tÃ¬nh",positive
331,Phá»¥c vá»¥ lÃ¢u khÃ´ng thá»ƒ lÃ¢u hÆ¡n,negative
332,Máº¥y báº¡n nhá»› trÃ¡nh xa quÃ¡n nÃ y .,negative
333,KhÃ´ng gian quÃ¡n khÃ¡ nhá» vÃ  hÆ¡i khÃ³ tÃ¬m .,negative
334,Thá»±c sá»± Äƒn khÃ´ng ngon miá»‡ng gÃ¬ cáº£ .,negative
335,QuÃ¡n báº©n thá»‰u . Cháº£ Ä‘á»©a nhÃ¢n viÃªn nÃ o care .,negative
336,KhÃ´ng gian quÃ¡n thÃ¬ cÅ©ng táº¡m á»•n .,negative
337,NÃ³i chung lÃ  OK láº¯m nhÃ© !,positive
338,TÆ°Æ¡ng lai sáº½ cÃ²n Äƒn dÃ i dÃ i   ) ) ) ) ) ),positive
339,TrÃ¢n chÃ¢u hoÃ ng kim cÅ©ng k ngon .,negative
340,á»’n Ã o ! ! ! Muá»—i nhiá»u ! ! ! NÆ°á»›c uá»‘ng táº¡m á»•n !,negative
341,CÃ´ bÃ© phá»¥c vá»¥ khÃ¡ dá»… thÆ°Æ¡ng,positive
342,"NhÃ¢n viÃªn dá»… thÆ°Æ¡ng thÃ¢n thiá»‡n , tÆ° váº¥n nhiá»‡t tÃ¬nh .",positive
343,LÃ m viá»‡c khÃ´ng chuyÃªn nghiá»‡p tÃ­ nÃ o : (,negative
344,Tá»‘i á»Ÿ roofboom Ä‘áº¹p lung linh,positive
345,+ NhÃ¢n viÃªn phá»¥c vá»¥ ko cáº§n khÃ¡ch,negative
346,Láº§n sau sáº½ Äƒn chá»— khÃ¡c : D,negative
347,TrÃ  sá»¯a : Pha láº¡t láº½o quÃ¡ .,negative
348,"- QuÃ¡n bÃ© , chá»— ngá»“i Ã­t ;",negative
349,QuÃ¡n má»›i nhÆ°ng cÃ³ nhiá»u Ä‘iá»ƒm trá»«,negative
350,  > TÃ´i sáº½ khÃ´ng bao giá» tá»›i má»™t láº§n nÃ o ná»¯a ! ! ! ! ! ! ! ! ! !,negative
351,KhÃ´ng thÃ­ch nhÃ  hÃ ng tiá»‡c cÆ°á»›i nÃ y,negative
352,"QuÃ¡n xáº­p xá»‡ , cháº£ hiá»ƒu s tá»“n táº¡i dc @ @",negative
353,LÃºc nÃ o nhÃ¢n viÃªn cÅ©ng tÆ°Æ¡i cÆ°á»i thÃ¢n thiá»‡n ^ ^,positive
354,- ThÃ¡i Ä‘á»™ phá»¥c Ä‘á»™ ko ok láº¯m .,negative
355,NhÆ°ng mÃ³n Äƒn thÃ¬ dá»Ÿ tá»‡ :,negative
356,Gá»i cÃ¡ trÃ­ch thÃ¬ wa máº·n,negative
357,"Báº¡ch tuá»™c chiÃªn quÃ¡ khÃ©t , bÃ¡nh xÃ¨o Nháº­t ... tháº¥t vá»ng ! ! !",negative
358,"NhÃ¢n viÃªn khÃ¡ch sáº¡n nhiá»‡t tÃ¬nh , vui váº» , dá»… thÆ°Æ¡ng .",positive
359,Äiá»ƒm cho nhÃ¢n viÃªn lÃ  8 +,positive
360,"NÆ°á»›c dá»«a pha Ä‘Æ°á»ng , quÃ¡ ngá»t .",negative
361,mÃºn qay láº¡i chÆ¡i tiáº¿p,positive
362,+ TrÃ  chanh : ráº» - uá»‘ng á»•n,positive
363,Menu nhiá»u Ä‘á»“ uá»‘ng láº¯m áº¡,positive
364,BÃ¡nh vá»«a dá»¡ vá»«a máº¯c,negative
365,Má»™t tráº¡m dá»«ng chÃ¢n ráº¥t tuyá»‡t .,positive
366,Dá»«a táº¯c ly bá»± uá»‘ng Ä‘Ã£,positive
367,Äá»“ Äƒn khÃ´ng ngon nhÆ° mong Ä‘á»£i,negative
368,"- Chá»— ngá»“i rá»™ng rÃ£i , thoÃ¡ng mÃ¡t",positive
369,Äá»“ Äƒn thÃ¬ phá»¥c vá»¥ cháº­m cháº¡p lá» má»,negative
370,+ Thá»‹t heo chiÃªn xÃ¹ vÃ  bÆ¡,positive
371,NÃ³i chung lÃ  chÃ¡n khá»i bÃ n,negative
372,ko bao giá» dÃ¡m quay láº¡i .,negative
373,NÆ°á»›c Â  uá»‘ng ngon vÃ  Ä‘áº¹p,positive
374,Vá»‹ trÃ­ quÃ¡n khÃ´ng khÃ³ tÃ¬m .,positive
375,nÃ³i chung lÃ  khÃ´ng Ä‘Ã¡ng tiá»n,negative
376,"- NhÃ¢n viÃªn : bÃ¬nh thÆ°á»ng , khÃ´ng quÃ¡ ná»“ng nhiá»‡t .",negative
377,Kem thÃ¬ bá»‹ má»m Äƒn dá»Ÿ Ã²m,negative
378,ÄÃºng lÃ  khÃ´ng cháº¥p nháº­n Ä‘Æ°á»£c,negative
379,Ráº¥t thÆ°á»ng xuyÃªn Ä‘áº¿n quÃ¡n Ä‘á»ƒ há»c,positive
380,Tháº­m chÃ­ tÃ­nh tiá»n cÅ©ng pháº£i gá»i 3 láº§n .,negative
381,cháº¯c cháº¯n k Äƒn láº§n thá»© 2 ná»¯a,negative
382,"* Giá»¯ xe free , nhÃ¢n viÃªn nhiá»‡t tÃ¬nh",positive
383,Sáº½ KHÃ”NG BAO GIá»œ quay trá»Ÿ láº¡i quÃ¡n ná»¯a,negative
384,Sá»£ 2 con bÃ² luÃ´n,negative
385,KhÃ¡ tháº¥t vá»ng vs giÃ¡ tiá»n bá» ra ...,negative
386,+ ÄÆ°á»£c chá»n Phim theo yÃªu cáº§u,positive
387,"Thá»‹t khÃ¡ tÆ°Æ¡i , Ä‘á»“ Äƒn trÃªn line hÆ¡i nguá»™i",negative
388,Vá»‹ trÃ­ quÃ¡ hÆ¡i khÃ³ tÃ¬m ...,negative
389,NhÃ¢n viÃªn phá»¥c vá»¥ cÅ©ng hok dá»… thÆ°Æ¡ng .,negative
390,MÃ¬nh hÆ¡i bá»‹ tháº¥t vá»ng luÃ´n Ã­,negative
391,mÃ¬nh iu Kontum rÃ¹i Ä‘áº¥y ^ ^,positive
392,Tháº­t lÃ  khÃ´ng bao giá» ghÃ© láº§n 2,negative
393,"Äá»“ Äƒn Ä‘a dáº¡ng , Ä‘Ãºng cháº¥t Äƒn váº·t ...",negative
394,Pháº£i nÃ³i lÃ  Äƒn nhÆ° Ä‘áº¥m vÃ o má»“m : |,negative
395,CÃ³ Ä‘u Ä‘á»§ ngÃ¢m Äƒn kÃ¨m miá»…n phÃ­ : ) ),positive
396,NÃ³i chung ráº¥t thÃ­ch á»Ÿ Ä‘Ã¢y,positive
397,ÄÃ¢y lÃ  toÃ n bá»™ hÃ¬nh há»™p bÃ¡nh mÃ¬nh mua .,negative
398,"( - ) BÆ¡ ko bÃ©o , Pate khÃ´ng thÆ¡m",negative
399,"KhÃ´ng gian mÃ¡t máº» , nhÃ¬n cÃ³ váº» sáº¡ch sáº½",positive
400,"KhÃ´ng khÃ­ quÃ¡n nhá»™n nhá»‹p nhÆ°ng dá»… chá»‹u : "" )",positive
401,"QuÃ¡n Ä‘Ã´ng , á»“n , tráº» nhá» con nÃ­t nhiá»u .",negative
402,Rau vÃ  dÆ°a leo cÃ³ chÃºt xÃ­u .,negative
403,QuÃ¡n hÆ¡i khÃ³ tÃ¬m vÃ  khÃ´ng gian hÆ¡i nhá»,negative
404,Äáº¿n giá» cÃ²n buá»“n nÃ´n ná»¯a .,negative
405,K thÃ­ch ná»¯a lÃºc nÃ o cÅ©ng háº¿t bÃ n : ) ),negative
406,"Äá»“ Äƒn bÃ¬nh thÆ°á»ng , Ä‘á»“ uá»‘ng cÅ©ng á»•n",positive
407,. BÃ¡nh mini thÃ¬ khÃ´ng Ä‘áº·c trÆ°ng hÆ°Æ¡ng vá»‹,negative
408,Uá»‘ng Ä‘á»ƒ láº¡i ná»­a ly vÃ¬ quÃ¡ ngÃ¡n : (,negative
409,Quadn nhiá»u Ä‘á»‹a Ä‘iá»ƒm tiá»‡n lá»£i hihi,positive
410,KhÃ´ng gian ngay máº·t tiá»n Ä‘Æ°á»ng mÃ¡t máº»,negative
411,Sáº½ cÃ²n quay láº¡i tiáº¿p,positive
412,Äi cho biáº¿t nhÆ°ng cháº¯c ko quay láº¡i .,negative
413,"- GiÃ¡ cáº£ : vá»«a pháº£i , khÃ´ng quÃ¡ Ä‘áº¯t",positive
414,ThiÃª Ì t kÃª Ì Ä‘Æ¡n gia Ì‰ n .,positive
415,Ráº¥t tháº¥t vá»ng vÃ  sáº½ ko quay láº¡i : 3,negative
416,"NÆ°á»›c uá»‘ng Ä‘Æ°á»£c , trÃ¢n chÃ¢u khÃ´ng ngon láº¯m",negative
417,Matcha Ä‘Ãºng vá»‹ nháº­t luÃ´n,positive
418,- Ã‚m nháº¡c : dá»‹u nháº¹ dá»… nghe,positive
419,Ä‘áº¿n pháº§n chÃ­nh lÃ  thá»©c uá»‘ng,positive
420,"KhÃ´ng gian thoÃ¡ng mÃ¡t , cÃ³ wifi .",positive
421,CÃ³ 3 khu khÃ´ng gian chÃ­nh :,positive
422,MÃ³n láº©u thÃ¬ 79k .,positive
423,Chá»— ngá»“i rá»™ng rÃ£i thoÃ¡ng mÃ¡t,positive
424,Kem á»Ÿ Ä‘Ã¢y thá»±c sá»± KHÃ”NG NGON . Ráº¤T CHÃN .,negative
425,GÃ³p Ã½ Ä‘á»ƒ PL cÃ³ thá»ƒ cáº£i thiá»‡n nhá»¯ng nhÆ°á»£c Ä‘iá»ƒm trÃªn,negative
426,LÃ¢u Cua RiÃªu Äá»“ng : Hok thÃ­ch . hÆ¡i nháº¡t nháº½o,negative
427,ChÃ­nh vÃ¬ váº­y nÃªn trÃ¡nh xa chi nhÃ¡nh nÃ y ! ! !,negative
428,Äá»“ uá»‘ng thÃ¬ Ä‘á»“ng giÃ¡ 10k khÃ¡ lÃ  máº¯c,negative
429,"NhÃ¢n viÃªn quÃ¡n cÅ©ng vui váº» , nhiá»‡t tÃ¬nh .",positive
430,Toboki khÃ´ng cay gÃ¬ cáº£,negative
431,Sáº½ cÃ²n tiáº¿p tá»¥c á»§ng há»™ dÃ i dÃ i,positive
432,"KhÃ´ng gian rá»™ng nhÆ°ng hÆ¡i ngá»™p , nhÃ¢n viÃªn ko niá»m ná»Ÿ",negative
433,"KhÃ´ng gian rá»™ng rÃ£i , deco lá»‹ch sá»± , Ä‘Æ¡n giáº£n .",positive
434,"QuÃ¡n Ä‘áº¹p , trang trÃ­ lá»‹ch sá»± , nhÃ£ nháº·n .",positive
435,- Rau cá»§ quáº£ miá»…n phÃ­     > Tá»‘t,positive
436,QuÃ¡n cÃ³ khÃ´ng gian cá»±c kÃ¬ Ä‘áº¹p,positive
437,ChÃ o táº¡m biá»‡t vÃ  khÃ´ng bao giá» quay láº¡i,negative
438,"Blueberry ngon , hÆ¡i Ã­t kem ğŸ˜” ğŸ˜”",negative
439,Tháº­t lÃ  ngon quÃ¡ Ä‘i thÃ´i heheh,positive
440,NhÃ¢n viÃªn thÃ¬ ráº¥t ngoan ngoÃ£n lá»… phÃ©p .,positive
441,NÃ³i chung ko nÃªn quay láº¡i !,negative
442,"- TÃ´m luá»™c hÆ¡i sá»‘ng , thá»‹t cÃ²n trong",negative
443,* SÃ¡t bÃªn quÃ¡n cafe Rotary,positive
444,SÃºp báº¯c tháº£o vÃ  bÃ¡nh trÃ¡ng : OK,positive
445,"QuÃ¡n khÃ¡ nhá» , hÆ¡i áº©m tháº¥p",negative
446,KhÃ´ng gian ráº¥t Ä‘áº¹p vÃ  sang trá»ng .,positive
447,"Kem ngon , Ä‘áº­m vá»‹ trÃ  xanh",positive
448,NÃ³i chung sáº½ khÃ´ng quay láº¡i !,negative
449,NhÆ°ng cÃ´ng nhÃ¢n máº¯c hÆ¡i quÃ¡ Ä‘Ã¡ng,negative
450,CÆ¡m trá»™n váº«n ngon nhÆ° thÆ°á»ng ^ ^,negative
451,QuÃ¡n bÃ y trÃ­ khÃ¡ Ä‘áº¹p,positive
452,"QuÃ¡n cÅ©ng yÃªn tÄ©nh , bÃ¡nh thÃ¬ cute",positive
453,Cháº¥t lÆ°á»£ng á»•n Ä‘á»‹nh khÃ´ng Ä‘Ã¡nh máº¥t,positive
454,Ráº¥t ko thik nhá»¯ng ng tham lam nhÆ° váº­y !,negative
455,NÃ³i chung lÃ  Äƒn cho bik,negative
456,MÃ¬nh sáº½ váº«n á»§ng há»™ shop dÃ i dÃ i ^     ^,positive
457,ThÃ¡i Ä‘á»™ nvien thÃ¬ cÅ©ng nhiá»‡t tÃ¬nh .,positive
458,- nhÃ¢n viÃªn : ráº¥t chu Ä‘Ã¡o vÃ  thÃ¢n thiá»‡n .,positive
459,MÃ³n Äƒn Ä‘áº·c sáº£n vÃ  ngon .,positive
460,MÃ¬nh ráº¥t thÃ­ch quÃ¡n nÃ y .,positive
461,âœ” ï¸ KhÃ´ng gian áº¥m cÃºng Ä‘Ãºng kiá»ƒu gia Ä‘Ã¬nh .,positive
462,GiÃ¡ cáº£ quÃ¡ cao vá»›i cháº¥t lÆ°á»£ng !,negative
463,"NÆ°á»›c uá»‘ng ngon , Ä‘áº¹p , giÃ¡ cáº£ phÃ¹ há»£p",positive
464,Hamburger á»Ÿ Ä‘Ã¢y cÅ©ng ngon .,positive
465,ngÆ°á»i dÃ¢n á»Ÿ Ä‘Ã¢y chÃ¢n cháº¥t giáº£n dá»‹,positive
466,NhÃ¢n viÃªn bÃªn Ä‘Ã¢y Ã´i trá»i Ä‘áº¥t Æ¡i luÃ´n,negative
467,Rau cÃ¢u dá»«a thÆ¡m vÃ  ngon â¤ ï¸,positive
468,  NÃ³i chung nghe láº¡ láº¡ Ä‘áº¿n thá»­ thÃ´i .,negative
469,"P . s : ko Ä‘Ã¡nh giÃ¡ Ä‘c "" Ä‘iá»ƒm 0 "" nhá»‰ ? ?",negative
470,"CÃ´ chá»§ quÃ¡n vui váº» , niá»m ná»Ÿ .",positive
471,BÃ¡nh ngon Ä‘Ãºng vá»‹ Há»™i An,positive
472,MÃ¬nh Ä‘áº¿n vÃ o buá»•i chiá»u tá»‘i,positive
473,CÆ¡ mÃ  Ä‘á»“ uá»‘ng ngá»t quÃ¡ áº¡ ! ! !,negative
474,"NÆ°á»›c ngon , bÃ¡nh cÅ©ng ngon ^ ^",positive
475,TrÃ  Ä‘Ã o vs há»“ng trÃ  dá»Ÿ cá»±c .,negative
476,Äá»“ uá»‘ng khÃ´ng cÃ³ gÃ¬ Ä‘áº·c biá»‡t .,negative
477,Toilet khÃ´ng vá»‡ sinh vÃ  nhá» xÃ­u .,negative
478,NhÃ¢n viÃªn ko thÃ¢n thiá»‡n táº¹o nÃ o !,negative
479,NÆ°á»›c táº¯t pha vá»«a Ã½ ghÃª .,positive
480,thÃ­ch nháº¥t nÆ°á»›c cháº¥m á»Ÿ Ä‘Ã¢y,positive
481,"GÃ  toÃ n lÃ  bá»™t , cá»©ng .",negative
482,"Kem thÃ¬ bÃ¬nh thÆ°á»ng , ko ngon táº¹o nÃ o cáº£ .",negative
483,- bÃ¡nh mÃ¬ bÆ¡ : táº¡m . hÆ¡i cá»©ng .,negative
484,sáº½ ghÃ© láº¡i láº§n sau,positive
485,- GiÃ¡ : phÃ¹ há»£p vá»›i sinh viÃªn & há»c sinh .,positive
486,Sáº½ ghÃ© tiáº¿p láº§n sau ğŸ˜Š,positive
487,"Äá»“ uá»‘ng ngon , ráº» ( so vá»›i cháº¥t lÆ°á»£ng )",positive
488,+ CÃ¡ch trang trÃ­ mÃ³n Äƒn báº¯t máº¯t,positive
489,"Äá»“ Äƒn thá»©c uá»‘ng bÃ¬nh thÆ°á»ng , khÃ¡ Ä‘áº§y Ä‘á»§",negative
490,ChÃ¡o vÃ  áº¿ch ngon láº¯m,negative
491,ÄB : NhÃ¢n viÃªn thay táº©y liÃªn tá»¥c,positive
492,Ngá»“i chá» lÃ m cá»±c kÃ¬ lÃ¢u .,negative
493,QuÃ¡n xá»©ng Ä‘Ã¡ng hai chá»¯ tuyá»‡t vá»i,positive
494,CÃ¡c mÃ³n trÃ¡ng miá»‡ng ráº¥t ngon .,positive
495,"MÃ³n Äƒn khoai tÃ¢y thi nguá»™i ngáº¯t , hambuger má»m .",negative
496,TÃ³m láº¡i lÃ  bá»‹ Æ°ng < 3,positive
497,NhÆ°ng ko cÃ²n ngon ná»¯a,negative
498,NÆ°á»›c uá»‘ng cÅ©ng khÃ¡ ok,positive
499,MÃ³n ThÃ¡i á»Ÿ Ä‘Ã¢y ráº¥t á»•n :,positive
500,"NÆ°á»›c uá»‘ng pha khÃ´ng ngon , giÃ¡ cao .",negative
501,CÃ³ dá»‹p ghÃ© quÃ¡n dÃ i dÃ i ^ ^,positive
502,"Ko gian sáº¡ch sáº½ , thoÃ¡ng mÃ¡t",positive
503,ChÄƒc cháº¯n sáº½ quay láº¡i,positive
504,Äá»“ Äƒn Ä‘em ra hÆ¡i nguá»™i,negative
505,"Pháº£i vÃ o táº­n cÃ¢y dÃ¹ , XIN tháº» xe",negative
506,Äi Äƒn tháº¥y má»‡t ghÃª,negative
507,Â  Phá»¥c vá»¥ ráº¥t táº­n tÃ¬nh vÃ  chu Ä‘Ã¡o,positive
508,Báº¡n bÃ¨ cÅ©ng tá»«ng bá»‹ chÃ©m,negative
509,Báº¿p nhá» cÅ©ng xÃ´ bá»“ vÃ  khÃ´ng vá»‡ sinh .,negative
510,NÃ³i chung sáº½ khÃ´ng quay láº¡i,negative
511,NÃ³i chung k cÃ³ láº§n 2 .,negative
512,NhÃ¢n viÃªn thÃ¬ thÆ¡ Æ¡ chá»© ko gá»i lÃ  nhiá»‡t tÃ¬nh,negative
513,"Phá»¥c vá»¥ ráº¥t dee thÆ°Æ¡ng , nhiá»‡t tÃ¬nh",positive
514,Äáº£m báº£o sáº½ khÃ´ng lÃ m báº¡n tháº¥t vá»ng . ğŸ‘Œ ğŸ‰ â¤ ï¸,positive
515,Â  Â  Â  Â  Â  Â  Â  Â  Â  Â  Â  + thá»©c Äƒn lÃªn khÃ´ng khÃ¡ nhanh .,negative
516,"MÃ´ táº£ nhÃ¬n , nghe , cáº£m nháº­n cÃ¡ nhÃ¢n .",positive
517,* * * Cháº¯c cháº¯n sáº½ k gÃ© láº¡i ná»¯a !,negative
518,Má»™t cáº£m giÃ¡c bÃ¬nh yÃªn Ä‘áº¿n láº¡ .,positive
519,MÃ³n Äƒn Ä‘áº¹p vÃ  ngon .,positive
520,Äi cÃ¹ng bÃ  xÃ£ dÃ¹ng phá»§ phÃª,positive
521,"CÃ¡ ko tÆ°Æ¡i , Ä‘áº·c biá»‡t lÃ  cÃ¡ ngá»« , cÃ¡ tráº¯ng .",negative
522,"Trang trÃ­ quÃ¡n ráº¥t Ä‘áº¹p , thoÃ¡ng mÃ¡t",positive
523,Khanh Casa trÃªn Äá»“ng Khá»Ÿi siÃªu tá»Ÿm Ã­ : ) ),negative
524,Sáº½ Ä‘áº¿n má»—i tuáº§n < 3,positive
525,NÃ³i chung lÃ  khÃ¡ lÃ  ngon,positive
526,"CÃºng dá»… thÆ°Æ¡ng , nhÃ¢n viÃªn phá»¥c vá»‹ tá»‘t .",positive
527,NhÃ¢n viÃªn cÅ©ng ráº¥t nhanh nháº¹n ná»¯a . ğŸ˜,positive
528,ThÃ´i thÃ¬ má»™t láº§n vÃ  mÃ£i mÃ£i : ( (,negative
529,Phá»¥c vá»¥ hÆ¡i lÃ¢u,negative
530,HÆ¡i bÆ°c xÃºc tÃ­ áº¡,negative
531,. khÃ¡ Ä‘áº¯t Ä‘á» so vá»›i sinh viÃªn,negative
532,CÃ³ chá»— Ä‘á»ƒ xe tiá»‡n,positive
533,TrÃ  sá»¯a Ã­t Ä‘Ã¡ nhiá»u,negative
534,CÃ³ nÆ°á»›c sÃ¢m cá»±c ngon,positive
535,"- MÃ¬ trá»™n HQ ( cay , nhiá»u Ä‘á»“ Äƒn )",positive
536,CÃ²n gÃ  pháº§n quÃ¡ nhiá»u bá»™t .,negative
537,2vc Äƒn bthg máº¥t 800k,negative
538,"BÃ¡nh mÃ¬ vá»«a cá»©ng vá»«a dai , hÆ¡i khÃ³ Äƒn",negative
539,MÃ¬nh thÃ­ch Äƒn bÃ¡nh mÃ¬ khÃ´ng á»Ÿ Ä‘Ã¢u ...,negative
540,matcha háº£o háº¡n ná»¯a nhÃ©,positive
541,"Báº¡ch tuá»™c kim chi ngon , vá»«a Äƒn .",positive
542,Vá» nÆ°á»›c sinh tá»‘ thÃ¬ cáº£m tháº¥y hÆ¡i máº¯c .,negative
543,"QuÃ¡n Äƒn ráº» , k gian rá»™ng rÃ£i lÃ  Ä‘iá»ƒm cá»™ng",negative
544,NhÃ¢n viÃªn láº¡i cÃ²n ráº¥t nhiá»‡t tÃ¬nh ...,positive
545,Thá»© hai nÆ°á»›c Ã©p thÃ¬ cÅ©ng ok,positive
546,LÃªn mÃ³n Äƒn khÃ¡ nhanh .,positive
547,"Láº§n Ä‘áº§u Ä‘i Hana , mÃ¬nh Ä‘i 2 ngÆ°á»i .",negative
548,"CÃ¡i quáº§y láº¥y Ä‘á»“ Äƒn nhá» , lÃªn Ä‘á»“ cháº­m",negative
549,Há»©a láº§n sau sáº½ tá»›i .,positive
550,NÃ³i chung lÃ  ko quay láº¡i .,negative
551,CÃ³ Ä‘iá»u quÃ¡n má»Ÿ cá»­a hÆ¡i trá»ƒ ğŸ˜‚,positive
552,"Â  TrÃ  sá»¯a siÃªu dá»Ÿ , ngá»t gáº¯t .",negative
553,GÃ  dá»Ÿ . Ngá»“i chá» gáº§n ná»­a tiáº¿ng . ChÃ¡n,negative
554,10 Ä‘iá»ƒm cho nÆ¡i Ä‘Ã¢y !,positive
555,"* Æ¯u Ä‘iá»ƒm : wifi máº¡nh , giá»¯ xe free",positive
556,"NÆ°á»›c cháº¥m thÃ¬ máº¯m nÃªm , hÆ¡i máº·n",negative
557,Cháº¯c cháº¯n sáº½ quay láº¡i quÃ¡n ^ ^,positive
558,- K Ä‘á»§ mÃ³n nhÆ° quáº£ng cÃ¡o,negative
559,AI CHÆ¯A VÃ€O THÃŒ Äá»ªNG NÃŠN THá»¬ ! ! ! 1 CÃ¡i káº¿t Ä‘áº¯ng lÃ²ng .,negative
560,Cua rang muá»‘i - Äƒn táº¡m Ä‘c,positive
561,- LÃºc Ä‘Ã´ng gá»i Ä‘á»“ lÃªn hÆ¡i lÃ¢u,negative
562,- nÆ°á»›c trÃ  cÃ³ vá»‹ ráº¥t ráº¥t láº¡ !,negative
563,QuÃ¡n trang trÃ­ gá»n gÃ ng ráº¥t láº¡nh .,positive
564,Thá»‹t gÃ  má»m vÃ  ráº¥t ngá»t,positive
565,"- Äá»“ Äƒn : ráº¥t ngon , trang trÃ­ Ä‘áº¹p",positive
566,Kinh hÃ£i cÃ¡i ná»“i láº©u,negative
567,âœ” QuÃ¡n thoÃ¡ng mÃ¡t vÃ  thoáº£i mÃ¡i .,positive
568,MÃ  chá» lÃ¢u láº¯m hix,negative
569,Thá»© nháº¥t : Ä‘á»“ Äƒn vÃ´ cÃ¹ng chÃ¡n,negative
570,"NhÃ¢n viÃªn dá»… thÆ°Æ¡ng , niá»m ná»Ÿ vá»›i khÃ¡ch",positive
571,NhÃ¢n viÃªn láº¡nh lÃ¹ng vÃ  cháº­m cháº¡p quÃ¡ : (,negative
572,GiÃ¡ ráº» . 1 tÃ´ tÃ¡i 25k .,positive
573,"nhÃ¢n viÃªn ráº¥t nhiá»‡t tÃ¬nh , cÆ°á»i nÃ³i vui váº» .",positive
574,mÃ³n háº¥p nÃ o cÅ©ng nguá»™i,negative
575,quÃ¡n nÃªn Ä‘á»•i tÃªn thÃ nh Náº¥m Too Bad :,negative
576,NÃ³i chung hÃ´m Ã½ thá»‘n láº¯m ğŸ˜…,negative
577,PhÃ¡ láº¥u tháº­p cáº©m : khÃ´ng ngon,negative
578,Tháº¿ lÃ  cÃ¡c báº¡n Ã½ háº¹n : CHá»œ MÃŒNH 1 TÃ .,negative
579,"- ship hÃ ng nhanh , gá»n láº¹",positive
580,"NhÃ¢n viÃªn lá»… phÃ©p , phá»¥c vá»¥ khÃ¡ch tá»‘t",positive
581,"Háº£i sáº£n ráº¥t phong phÃº , giÃ¡ cáº£ há»£p lÃ½ !",positive
582,"NhÃ¬n chung hÆ°Æ¡ng vá»‹ khÃ´ng ngon , tháº¥t vá»ng",negative
583,"NhÃ¢n viÃªn thÃ¢n thiá»‡n , lá»… phÃ©p vÃ  chu Ä‘Ã¡o : )",positive
584,- 420k/kg bá» bá» bÃ© tÃ½,negative
585,MÃ¬nh tháº¥y Äƒn khÃ´ng ngon láº¯m,negative
586,"CÃ´ chá»§ thÃ¢n thiá»‡n , dá»… máº¿n .",positive
587,Äang ngá»“i á»Ÿ I love calem VÃµ Thá»‹ SÃ¡u - BiÃªn HoÃ  .,negative
588,QuÃ¡n nhÃ¬n Ä‘áº¹p vÃ  phá»¥c vá»¥ tá»‘t .,positive
589,"Spaghetti khÃ´ng Ä‘áº·c sáº¯c , sauce nháº¡t .",negative
590,HÆ°Æ¡ng vá»‹ cÅ©ng bÃ¬nh thÆ°á»ng khÃ´ng quÃ¡ Ä‘áº·c sáº¯c,negative
591,Chá»‰ Ä‘Æ°á»£c bao bÃ¬ lÃ  Ä‘áº¹p .,negative
592,cáº£m giÃ¡c bá»‹ lá»«a muá»‘n ngháº¹n - . -,negative
593,NhÃ¢n viÃªn ráº¥t dá»… thÆ°Æ¡ng ná»¯a nÃ¨,positive
594,KhuyÃªn tháº­t lÃ  cÃ¡c báº¡n ko nÃªn Äƒn,negative
595,BÃ¡nh gáº¥u ngon Äƒn khÃ´ng ngÃ¡n,positive
596,QuÃ¡n cÃ³ gÃ¡c xÃ©p nhÃ¬n cÆ°ng nÃ© ğŸ‘ ğŸ‘,negative
597,Ko gian bÃªn trong rá»™ng rÃ£i thoáº£i mÃ¡i,positive
598,KhÃ´ng gian rá»™ng rÃ£i cÃ³ Ä‘iá»u hÆ¡i láº¡nh chÃºt,positive
599,"CÃ¡c báº¡n phá»¥c vá»¥ dá»… thÆ°Æ¡ng , lá»‹ch sá»± .",positive
600,"Chá»‹ nhÃ¢n viÃªn thÃ¬ dá»… thÆ°Æ¡ng , nhiá»‡t tÃ¬nh ná»¯a",positive
601,Äá»“ Äƒn á»Ÿ Ä‘Ã¢y ko Ä‘a dáº¡ng,negative
602,QuÃ¡n nhÃ¬n khÃ´ng vá»‡ sinh láº¯m,negative
603,"2.Vá» phá»¥c vá»¥ : Tá»‘t , nhiá»‡t tÃ¬nh .",positive
604,"GiÃ¡ trung bÃ¬nh , nhg quÃ¡ cao so cÃ¹ng cháº¥t lÆ°á»£ng .",negative
605,Cafe Ä‘en chÆ°a Ä‘á»§ Ä‘áº­m vá»›i mÃ¬nh .,negative
606,Sáº½ cÃ²n quay láº¡i á»§ng há»™ nhÃ  hÃ ng !,positive
607,KhÃ´ng bao giá» ghÃ© láº¡i quÃ¡n nÃ y .,negative
608,Cháº¯c cháº¯n khÃ´ng Äƒn láº§n hai .,negative
609,4 . Chá»— quáº§y tiáº¿p tÃ¢n quÃ¡ bá»«a bá»™n !,negative
610,Váº­y mÃ  qua chá»— nÃ y Äƒn hoÃ n toÃ n tháº¥t vá»ng luÃ´n .,negative
611,95k ko há» xá»©ng Ä‘Ã¡ng ! ğŸ˜« ğŸ˜«,negative
612,"QuÃ¡n nhá» , buá»•i tá»‘i Ä‘Æ°á»ng hay káº¹t xe : (",negative
613,Gá»­i xe : Ä‘á»‘i diá»‡n chá»— trÆ°á»ng há»c .,negative
614,NÆ°á»›c dÃ¹ng ngá»t vÃ  vá»«a miá»‡ng láº¯m .,positive
615,KhÃ´ng cÃ³ láº§n thá»© 2 .,negative
616,Carot cÅ©ng xay luÃ´n vá» ... kinh khá»§ng,negative
617,MÃ¬nh cÃ³ Ä‘Ã´i lá»i comment vá» dá»‹ch vá»¥,negative
618,15k/suáº¥t to á»¥,positive
619,QuÃ¡n cÃ³ giáº£m giÃ¡ tháº» Ecard .,positive
620,1 láº§n thÃ¬ qa trá»… quÃ¡n háº¿t Ä‘á»“ Äƒn,negative
621,- GiÃ¡ : 20k . Ko Ä‘Ã¡ng láº¯m,negative
622,NhÃ¢n viÃªn ai cÅ©ng lá»‹ch sá»± tÆ°Æ¡i cÆ°á»i .,positive
623,Phá»¥c vá»¥ cá»±c thÃ¢n thiá»‡n Ä‘ . iu ğŸ‘ ğŸ» ğŸ‘ ğŸ»,positive
624,"- quÃ¡n Ä‘áº¹p , sáº¡ch sáº½ , nhá» xinh",positive
625,Sáº½ quay láº¡i thÆ°á»ng xuyÃªn hÆ¡n .,positive
626,QuÃ¡n chÃ¨ NguyÃªn Äáº·ng - Háº»m 8 Máº­u ThÃ¢n,positive
627,MÃ  tra sá»¯a ngÃ¡n quÃ¡ áº¡ ğŸ˜,negative
628,"â€¢ Pháº§n nÆ°á»›c sá»‘t : cay , hÆ¡i nháº¡t ğŸ˜‚",negative
629,"NhÃ¢n viÃªn : nhiá»‡t tÃ¬nh , hiá»ƒu rÃµ menu .",positive
630,NhÃ¢n viÃªn ráº¥t lÃ  thÃ¢n thiá»‡n nhiá»‡t tÃ¬nh nhÃ© .,positive
631,"  NhÃ¢n viÃªn nam nhanh nháº¹n , vui váº» .",positive
632,"NhÃ¢n viÃªn phá»¥c vá»¥ tá»‡ , háº¿t nÆ°á»›c dá»«a khÃ´ng bÃ¡o khÃ¡ch .",negative
633,MÃ¬nh sáº½ khÃ´ng quay láº¡i Ä‘Ã¢y ná»¯a,negative
634,TÃºm láº¡i cháº¥m 9/10,positive
635,báº¥t lá»±c khi Äƒn uá»‘ng mÃ  pháº£i chá» Ä‘á»£i nhÆ° tháº¿ nÃ y,negative
636,Giáº£m 30% ( ham há»‘ vÃ¬ cÃ¡i nÃ y ),positive
637,QuÃ¡n Äƒn HÃ n Quá»‘c bÃ¬nh dÃ¢n nháº¥t VÅ©ng TÃ u,positive
638,Rau trá»¥ng mÃ¹i hÆ¡i ná»“ng,negative
639,Sáº½ ghÃ© qÃ¡n thÆ°á»g xuyÃªnnnnnn,positive
640,Ly nÆ°á»›c siÃªu khá»•ng lá»“ vÃ  cÃ¡ tÃ­nh,positive
641,Äáº¿n Ä‘Ã¢y lÃ  chÃ¡n háº³n,negative
642,"- Wifi tÆ°á»£ng trÆ°ng , khÃ´ng xÃ i E-card Ä‘Æ°á»£c > <",negative
643,"NhÃ¢n viÃªn phá»¥c vá»¥ há»i há»£i , chÆ°a chuyÃªn nghiá»‡p .",negative
644,"KhÃ´ng gian quÃ¡n Ä‘áº¹p , nháº¹ nhÃ ng , yÃªn tÄ©nh",positive
645,Thá»©c uá»‘ng hÆ¡i Ã­t loáº¡i quÃ¡,negative
646,"â­• ï¸ Vá»‹ trÃ­ dá»… tÃ¬m , decor áº¥m cÃºng .",positive
647,Cháº¯c uá»‘ng PL quÃ i quÃ i luÃ´n,positive
648,Thá»©c uá»‘ng cÃ  phÃª ngon vÃ  ráº» ğŸ˜ ğŸ˜,positive
649,"MÃ³n Äƒn ngon , nÃ³ng há»•i , cháº¥t lÆ°á»£ng",positive
650,Láº§n 2 thÃ¬ tháº¥t vá»ng dá»… sá»£ .,negative
651,"TÃ´i luÃ´n giá»›i thiá»‡u báº¡n bÃ¨ , Ä‘á»“ng nghiá»‡p .",positive
652,Chá»§ quÃ¡n thÃ¬ tuyá»‡t vá»i háº¿t biáº¿t nha ğŸ˜ ğŸ˜˜ ğŸ˜˜ ğŸ˜˜,positive
653,CÃ³ chá»— gá»­i xe ok,positive
654,Sáº½ khÃ´ng bao gÃ¬Æ¡ ghÃ© ná»¯a,negative
655,NhÃ¢n viÃªn nháº¹ nhÃ ng vÃ  cá»±c thÃ¢n thiá»‡n ~,positive
656,Qua 4-5 láº§n k bao giá» gáº·p,negative
657,Ã”ii nháº¯c tá»›i láº¡i thÃ¨m : ( (,positive
658,nÆ°á»›c uá»‘ng cháº¥t lÆ°á»£ng quÃ¡ kÃ©m so vá»›i giÃ¡ cáº£,negative
659,Chá»© Ä‘á»“ Äƒn thÃ¬ cháº£ cÃ³ gÃ¬ Ä‘áº·c biá»‡t,negative
660,"Má»›i Äƒn xong , review ngay :",negative
661,"Phá»Ÿ ngon , Ä‘Ãºng vá»‹ phá»Ÿ LÃ½ Quá»‘c SÆ° .",positive
662,"- Pháº§n cháº£ kÃ¨m rau , cháº£ dá»Ÿ , rau Ä‘áº¯ng . Thua .",negative
663,QuÃ¡n thiáº¿u sá»©c sá»‘ng vÃ  sá»± chuyÃªn nghiá»‡p .,negative
664,KhÃ¡ máº¯c . Ä‚n táº¡m Ä‘Æ°á»£c,negative
665,Cuá»‘i tuáº§n láº¡i ghÃ© ná»¯a nÃ¨,positive
666,"Äá»“ Äƒn cháº¿ biáº¿n ngon , Äƒn no",positive
667,"NhÃ¢n viÃªn nhiá»‡t tÃ¬nh , nhanh nháº¹n vá»›i khÃ¡ch hÃ ng",positive
668,Cháº¯c lÃ  khÃ´ng quay láº¡i ná»¯a Ä‘Ã¢u .,negative
669,ChÃºc quÃ¡n thÃ nh cÃ´ng trong tÆ°Æ¡ng lai ^ ^,positive
670,MÃ¬nh thÃ­ch quÃ¡n nÃ y láº¯m,positive
671,Nháº¥t Ä‘á»‹nh sáº½ cÃ²n quay láº¡i ğŸ˜‰,positive
672,Láº§n 2 ngá»“i láº¡i quÃ¡n,positive
673,4 . Phá»¥c vá»¥ nhiá»‡t tÃ¬nh vÃ  nhanh chÃ³ng .,positive
674,ğŸ¥ CÆ¡m vÃ ng ngon ğŸ¥ GÃ  chiÃªn thÆ¡m ğŸ¥,positive
675,"QuÃ¡n ráº¥t Ä‘Ã´ng khÃ¡ch , trang trÃ­ Ä‘áº¹p máº¯t .",positive
676,Hi vá»ng chá»§ quÃ¡n cÃ³ thá»ƒ kháº¯c phá»¥c,negative
677,"KhÃ´ng gian quÃ¡ nhá» , khÃ¡ nÃ³ng .",negative
678,"NhÃ¢n viÃªn quÃ¡n phá»¥c vá»¥ nhiá»‡t tÃ¬nh , nhanh nháº¹n",positive
679,MÃ¬nh ráº¥t áº¥n tÆ°á»£ng chá»— nÃ y ğŸ‘ ğŸ» ğŸ‘ ğŸ» ğŸˆ ğŸˆ âœ¨ ğŸŠ ğŸ‘ ğŸ» â¤ ï¸,positive
680,- MÃ³n Äƒn thÃ¬ quÃ¡ tuyá»‡t vá»i,positive
681,"Má»±c nÆ°á»›ng dai , vá»‹ khÃ´ng ngon .",negative
682,á» Ä‘Ã¢y phá»¥c vá»¥ tá»‡ láº¯m .,negative
683,"- Decor Ä‘c , k bá»‹ bÃ­ láº¯m",negative
684,Ä‚n dá»Ÿ cháº£ thÃ¨m chá»¥p hÃ¬nh .,negative
685,GiÃ¡ tiá»n Ä‘Ã¡ng vá»›i cháº¥t lÆ°á»£ng .,positive
686,GiÃ¡ hÆ¡i cao . Cafe bthg . BÃ¡nh dá»Ÿ .,negative
687,Xin cáº¡ch ko bh Äƒn Bami ná»¯a .,negative
688,lÃ¢u lÃ¢u sáº½ ghÃ© Ä‘Ã¢y Äƒn crepe,positive
689,Nháº¥t Ä‘á»‹nh sáº½ khÃ´ng bao giá» Ä‘áº¿n láº¡i Ä‘Ã¢y ná»¯a !,negative
690,Sáº½ cÃ²n quay láº¡i : x,positive
691,k cÃ³ Ã½ Ä‘á»‹nh quay láº¡i : ),negative
692,Tháº¡ch lÃ  trÃ¢n chÃ¢u . puping . poping ğŸ˜,positive
693,Chá»‰ thÃ­ch Äƒn má»—i salad : ) ),positive
694,"Quay trá»Ÿ láº¡i ak ? Xin lá»—i , khÃ´ng bao giá» ! ! !",negative
695,Quay láº¡i sá»›m thÃ´i hihi,positive
696,- Vá»‹ trÃ­ quÃ¡n ráº¥t dá»… kiáº¿m .,positive
697,"ChÃ¨ ThÃ¡i Lan Ä‘Æ°á»£c mÃºc sáºµn rá»“i , khÃ¡ch Ä‘áº¿n",negative
698,TrÃ  ráº¥t Ä‘Ã¢m mÃ¹i nha má»i ngÆ°á»i,negative
699,TÃ³m láº¡i 1 cÃ¢u lÃ  phÃ­ tiá»n !,negative
700,"- QuÃ¡n hÆ¡i bÃ­ , khÃ¡ rá»™ng",negative
701,GiÃ¡ cao so vs cháº¥t lÆ°á»£ng,negative
702,BÃ­t táº¿t sá»‘ 6 nhÃ© .,negative
703,Nhiá»u loáº¡i bÃ¡nh Ä‘á»ƒ chá»n,positive
704,gá»i báº¡n ra Ä‘Ã¢y ngá»“i,negative
705,KhÃ´ng gian nhÃ¬n cÅ©ng sáº¡ch nhÆ°ng mÃ  nÃ³ng láº¯m !,negative
706,Ráº¥t ngon giÃ¡ cáº£ vá»«a tÃºi tiá»n,positive
707,Khoai chiÃªn bÆ¡ ko ngon,negative
708,"khÃ´ng gian quÃ¡n nhá» , bÃ n gháº¿ ngá»“i khÃ´ng thoáº£i mÃ¡i .",negative
709,Pizza thÃ¬ khÃ´ cá»©ng nhá» xÃ­u Ã ,negative
710,Cua bá»Ÿ cua cháº¿t Ä‘em cho khÃ¡ch Äƒn .,negative
711,"BÃ¡nh trÃ¡ng cuá»‘n thÃ¬ ngon , vá»«a Äƒn",positive
712,Cáº£m nháº­n nhÆ° bá»‹ cháº·t chÃ©m . .,negative
713,NÃ³i chung lÃ  sáº½ Ä‘áº¿n tiáº¿p,positive
714,Máº¥y anh phá»¥c vá»¥ dá»… thÆ°Æ¡ng láº¯m !,positive
715,Wifi cÃ³ chá»‰ Ä‘á»ƒ trang trÃ­ .,negative
716,nÃ³i chung sáº½ cháº£ quay láº¡i,negative
717,Bingsu dÆ°a lÆ°á»›i ngon láº¡,positive
718,ÄÃ´ng kinh khá»§ng . Tá»‘i k biáº¿t tháº¿ nÃ o .,positive
719,1 . QuÃ¡n decor ráº¥t Ä‘áº¹p,positive
720,KhÃ´ng gian quÃ¡n rá»™ng rÃ£i thoÃ¡ng mÃ¡t,positive
721,"1 spa tháº­t sá»± quÃ¡ tá»‡ ,",negative
722,Láº©u gÃ¬ nÃ³ng há»•i thÆ¡m phá»©c Ä‘Ã¢y !,positive
723,Láº¡i cháº¥t lÆ°á»£ng Ä‘á»“ Äƒn thÃ¬ ko nÃ³i ná»•i .,negative
724,"KhÃ´ng gian sang trá»ng , rá»™ng rÃ£i va thoáº£i mÃ¡i",positive
725,Ko bao giá» ghÃ© láº¡i láº§n 2 !,negative
726,báº¡n cÃ³ thá»ƒ lá»±a Ä‘á»“ thoáº£i mÃ¡i,positive
727,"- GÃ  rÃ¡n hÆ°Æ¡ng vá»‹ láº¡ miá»‡ng , ngon",positive
728,"- Menu Ä‘á»“ Äƒn khÃ¡ phong phÃº , giÃ¡ thÃ nh ráº»",positive
729,CÆ¡m trá»™n váº«n ngon nhÆ° thÆ°á»ng ^ ^,positive
730,ThÃ­ch nháº¥t máº¥y miáº¿ng Ä‘Ã o,positive
731,+ Há»§ tÃ­u nai sa táº¿,negative
732,"TrÃªn thá»±c táº¿ , mÃ³n BÃºn RiÃªu ÄÃ  Láº¡t khÃ´ng pháº£i nhÆ° váº­y !",negative
733,mÃ¬nh Ä‘áº¿n láº§n nÃ y lÃ  láº§n cuá»‘i : (,negative
734,Cháº¯c cháº¯n sáº½ khÃ´ng bao giá» quay láº¡i . ğŸ‘ ğŸ» ğŸ‘ ğŸ» ğŸ‘ ğŸ» âœ” ï¸,negative
735,"NÆ°á»›c dÃ¹ng nháº¡t toÃ¨n toáº¹t , cháº³ng cÃ³ vá»‹ gÃ¬",negative
736,50k lÃ  quÃ¡ máº¯c !,negative
737,"trá»i , pháº£i nÃ³i lÃ  NGON Äáº¾N GIá»ŒT CUá»I CÃ™NG .",positive
738,Má»™t láº§n duy nháº¥t vÃ  khÃ´ng bao giá» trá»Ÿ láº¡i .,negative
739,"VÄ©nh biá»‡t , khÃ´ng bao giá» ghÃ© Ä‘áº¿n ná»¯a !",negative
740,NhÃ¢n viÃªn phá»¥c vá»¥ khÃ´ng nhiá»‡t tÃ¬nh láº¯m .,negative
741,cho thÃªm trÃ¢n chÃ¢u tráº¯ng ná»¯a,negative
742,KhÃ´ng recommend nha máº¥y báº¡n !,negative
743,GiÃ¡ cÅ©ng cao chá»© cÅ©ng Ä‘Ã¢u cÃ³ ráº» .,negative
744,MÃ¬nh sáº½ ghÃ© quÃ¡n ná»¯a .,positive
745,ÄÃ¡ng Ä‘á»ƒ Ä‘áº¿n vÃ  thÆ°á»Ÿng thá»©c ! !,positive
746,Xin chÃ¢n trá»ng kÃ­nh má»i,positive
747,"Phá»¥c vá»¥ : Anh nhÃ¢n viÃªn Ä‘áº¹p trai , nhiá»‡t tÃ¬nh .",positive
748,"GiÃ¡ ko ráº» , cháº¥t lÆ°á»£ng bthg .",negative
749,  Phu Ì£ c vu Ì£ Ä‘Æ°Æ¡ Ì£ c,positive
750,"Chá»— Ä‘á»ƒ xe free , dá»… láº¥y .",positive
751,NÆ°á»›c miso nháº¡t vs cáº£ lá»£ lá»£,negative
752,CÆ¡m chiÃªn gháº¹ thÃ¬ hÆ¡i khÃ´,negative
753,GÃ  cÃ³ nÆ°á»›c sá»‘t khÃ¡ láº¡,negative
754,2 / Cháº¥t lÆ°á»£ng má»³ khÃ´ng nhÆ° mong Ä‘á»£i !,negative
755,Tiramisu Homez lÃ  loáº¡i dá»Ÿ nháº¥t,negative
756,QuÃ¡n khÃ¡ váº¯ngg,negative
757,QuÃ¡n má»›i lÃ m láº¡i gháº¿ .,positive
758,QuÃ¡n sáº¡ch sáº½ gá»n gÃ ng trang trÃ­ trang nhÃ£,positive
759,NÃ³i chung khÃ´ng phÃ¹ há»£p vÃ  tháº¥t vá»ng .,negative
760,"Äá»“ Äƒn tá»‡ quÃ¡, Ä‘á»«ng Ä‘i tá»›i Ä‘Ã¢y nha.",negative
761,"Báº¡ch tuá»™c 25k / 1 láº¡ng , Æ°á»›p quÃ¡ máº·n .    ",negative
762,"BÃ¡nh canh ngon , ngon tháº­t ngon .",positive
763,Anh chá»‹ chá»§ quÃ¡n phá»¥c vá»¥ ráº¥t nhiá»‡t tÃ¬nh .,positive
764,QuÃ¡n cá»±c thÃ­ch há»£p vá»›i hssv,positive
765,Thá»‹t bÃ² : ko ngon láº¯m,negative
766,QuÃ¡n cÃ³ khÃ´ng gian khÃ¡ nhá» vÃ  hÆ¡i tá»‘i ...,negative
767,"QuÃ¡n hÆ¡i nhá» , cháº­t chá»™i , Ä‘Ã¨n vÃ ng tá»‘i quÃ¡",negative
768,thá»‹t Æ°á»›p khá»i nÃ³i hihihi,positive
769,"Má»³ ráº¥t khÃ´ , gÃ  cÅ©ng khÃ´",negative
770,QuÃ¡n cÃ³ mochi vÃ  bÃ¡nh ngá»t .,positive
771,Â  + nÆ°á»›c láº©u : nÃ³i chung cÅ©ng Ä‘c,positive
772,Cháº¯c cháº¯n sáº½ khÃ´ng quay láº¡i !,negative
773,Nháº¡c Ä‘Ã¡nh dá»Ÿ . Nghe máº¥t há»©ng,negative
774,Ä‘i vá»›i ngÆ°á»i yÃªu thÃ¬ há»£p : ),positive
775,Ko nÃªn Äƒn á»Ÿ Ä‘Ã¢y nhe Ì má»i ngÆ°Æ¡ Ì€ i .,negative
776,Â  NhÃ¢n viÃªn phá»¥c vá»¥ chu Ä‘Ã¡o vÃ  táº­n tÃ¬nh ...,positive
777,"Buzza Pizza , phá»¥c vá»¥ chÆ°a cÃ³ kinh nghiá»‡m",negative
778,CÃ³ dá»‹p sáº½ quay láº¡i ^ ^,positive
779,GiÃ¡ cáº£ thÃ¬ tÆ°Æ¡ng Ä‘á»‘i lÃ  ok !,positive
780,â–ª ï¸ CÃ¡c báº¡n nhÃ¢n viÃªn phá»¥c vá»¥ nhiá»‡t tÃ¬nh,positive
781,"ThÃ¡i Ä‘á»™ thÃ¬ hÃ¡ch dá»‹ch , ráº¥t khÃ³ coi .",negative
782,"QuÃ¡n khÃ¡ rá»™ng , khÃ´ng gian ngoÃ i trá»i .",positive
783,KhÃ´ng gian : rá»™ng thoÃ¡ng ráº¥t Ä‘áº¹p,positive
784,NhÃ¢n viÃªn Ä‘Ã´ng vÃ  khÃ¡ nhiá»‡t tÃ¬nh .,positive
785,"1 . nhÃ¢n viÃªn nghÃªnh nghÃªnh , kiá»‡m lá»i , ko nhiá»‡t tÃ¬nh",negative
786,Xung quanh cÃ³ ráº¥t nhiá»u quÃ¡n cÆ¡m bá»¥i .,negative
787,NhÆ°ng nÃ³i hung lÃ  tuyá»‡t !,positive
788,NhÃ¢n viÃªn nhÃ¬n ráº¥t hiá»n vÃ  thÃ¢n thiá»‡n,positive
789,NÃ³i chung lÃ  ráº¥t dá»Ÿ dá»Ÿ dá»Ÿ .,negative
790,"- cÃ³ mÃ¡y láº¡nh , mÃ¡y quáº¡t mÃ¡t rÆ°á»£i",positive
791,Mic cÃ³ dÃ¢y hÆ¡i báº¥t tiá»‡n,negative
792,"- sá»¯a tÆ°Æ¡i quÃ¡ chÃ¡n , loÃ£ng mÃ  mÃ¹i ngai ngÃ¡i",negative
793,order ko Ä‘á»§ sá»‘ lÆ°á»£ng ko giao,negative
794,KhÃ´ng cÃ³ menu nÆ°á»›c uá»‘ng,negative
795,- HÃ ng dÃ¢y leo xanh cÃ²n dÃ­nh rÃ¡c,negative
796,"Äá»“ Äƒn Ä‘a dáº¡ng , ngon vÃ  nhiá»u",positive
797,GiÃ¡ cáº£ pháº£i chÄƒng vá»›i cháº¥t lÆ°á»£ng nhÆ° váº­y,positive
798,wifi thá»³ Ä‘áº¿n fb load ko ná»•i,negative
799,- GiÃ¡ : BÃ¬nh thÆ°á»ng ko ráº» ko Ä‘áº¯t,positive
800,"QuÃ¡n khÃ¡ nhá» vÃ  nÃ³ng , hÆ¡i dÆ¡ .",negative
801,"NhÃ¢n viÃªn giá»¯ xe ok , nhiá»‡t tÃ¬nh .",positive
802,Äá»“ Äƒn thÃ¬ chá»— nÃ o cÅ©ng nhÆ° nhau ko bÃ n cÃ£i,negative
803,- Sáº½ ghÃ© láº¡i láº§n ná»¯a .,positive
804,"- NhÃ¢n viÃªn thÃ¢n thiá»‡n , phá»¥c vá»¥ chu Ä‘Ã¡o , chuyÃªn nghiá»‡p",positive
805,TÃ³m láº¡i : Ä‘Ã¡ng Ä‘á»ƒ thá»­ : 3,positive
806,  GiÃ¡ ráº» hÆ¡n CGV,positive
807,"- Bá»¯a mua Ä‘em vá» , phá»¥c vá»¥ cá»±c cháº­m ğŸ˜“",negative
808,NhÃ¢n viÃªn ko nhiá»‡t tÃ¬nh Ä‘Ã³ giá» rá»“i,negative
809,NÃ³i chung lÃ  á»Ÿ Ä‘Ã¢y ráº¥t tuyá»‡t !,positive
810,- Äá»“ chiÃªn khÃ´ng pháº£i nÆ°á»›ng .,negative
811,nÃªn cÃ¢n nháº¯c khi quay láº¡i,negative
812,NhÆ°ng mÃ¹i vá»‹ thÃ¬ Ã´i thÃ´i khÃ´ng dÃ¡m ghÃ© ná»¯a,negative
813,"QuÃ¡n rá»™ng rÃ£i , thoÃ¡ng mÃ¡t , sÃ¡ng sá»§a",positive
814,"ThÃ­ch nháº¥t lÃ  sáº§u riÃªng , thÆ¡m lá»«ng quyáº¿n rÅ© . : )",positive
815,GhÃ© láº§n Ä‘áº§u coi nhÆ° láº§n cuá»‘i ... . .,negative
816,Äá»“ Äƒn ngon Ä‘á»«ng há»i luÃ´n ğŸ˜ ğŸ˜ ğŸ˜,positive
817,"Kim chi ngon , gá»i thÃªm thoáº£i mÃ¡i .",positive
818,Táº§ng háº§m nhÃ  váº¹ sinh sáº¡ch sáº½,positive
819,NhÆ°ng dÃ i lÃ¢u thÃ¬ nÃªn kháº¯c phá»¥c !,negative
820,KhÃ´ng gian ráº¡p cÅ©ng khÃ¡ lá»›n .,positive
821,MÃ  Ä‘á»“ Äƒn lÃ m lÃ¢u dÃ£ man -   -,negative
822,Äá»“ uá»‘ng khÃ´ng ngon quÃ¡ Ä‘áº¯t ! ! ! ! !,negative
823,Ko ngon nhÆ° mÃ¬nh tÆ°á»Ÿng .,negative
824,Khoai + kem : ngon . NÃªn thá»­ .,positive
825,"- phá»¥c vá»¥ khÃ¡ ok , nhiá»u nv",positive
826,K chÃº Ã½ khÃ¡ch cáº§n gÃ¬ .,negative
827,Giá» post hÃ¬nh mÃ  nhÃ¬n thÃ¨m ğŸ˜­ ğŸ˜­ ğŸ˜­,positive
828,NhÃ¢n viÃªn ráº¥t thÃ¢n thiá»‡n vÃ  lá»‹ch sá»± .,positive
829,Äá»“ Äƒn ngon giÃ¡ cáº£ láº¡i bÃ¬nh dÃ¢n,positive
830,NÃ³i tÃ³m láº¡i lÃ  má»™t lá»±a chá»n há»£p lÃ½ : ),positive
831,CÃ³ anh nhÃ¢n viÃªn Ä‘áº¹p trai thÃ¢n thiá»‡n,positive
832,á» Ä‘Ã¢y bÃ¡n Ä‘á»“ uá»‘ng cÅ©ng bÃ¬nh thÆ°á»ng . á»´aki ngon .,negative
833,- KhÃ´ng nÃªn tÃ­nh tiá»n khÄƒn Äƒn .,negative
834,BÃ£i giá»¯ xe miá»…n phÃ­ rá»™ng rÃ£i,positive
835,"Thá»©c Äƒn : vá»‹ ngon , menu phong phÃº háº¥p dáº«n",positive
836,ÄÃ£ váº­y view cÃ²n Ä‘áº¹p ná»¯a : 3,positive
837,QuÃ¡n nhá» trang trÃ­ khÃ¡ xinh,positive
838,Dá»‹ch vá»¥ bÃ¬nh thÆ°á»ng khÃ´ng cÃ³ gÃ¬ Ä‘áº·c sáº¯c,negative
839,Bá»™t ngon khÃ´ng bá»‹ ngÃ¡n,positive
840,HÆ¡i tháº¥t vá»ng nÃªn mÃ¬nh quay xe vá» luÃ´n ğŸ˜”,negative
841,PhÃ¹ há»£p vá»›i ngÆ°á»i Ä‘i lÃ m,positive
842,Nhiá»u cÃ¢y cáº£nh nÃªn cáº£m giÃ¡c ráº¥t nháº¹ nhÃ ng .,positive
843,Sáº½ ko bao giá» quay láº¡i,negative
844,KhÃ´ng bao giá» ghÃ© láº¡i trong Ä‘á»i ! ! ! !,negative
845,+ Ä‘á»“ Äƒn Ä‘em ra nÃ³ng há»•i nhÃ©,negative
846,Sá»¯a Ä‘áº­u loÃ£ng vÃ  pha nhiá»u Ä‘Æ°á»ng,negative
847,Ngá»“i táº§m 10 phÃºt thÃ¬ vá» .,negative
848,Chia tay khÃ´ng Äƒn luÃ´n . Ã¨o,negative
849,NÃ³i chung lÃ  kbh quay láº¡i,negative
850,NhÆ°ng nhÃ¢n viÃªn phá»¥c hÃ¡ch dá»‹ch thÃ´i rá»“i .,negative
851,"Äá»“ dimsun Ä‘Ã´ng láº¡nh , khÃ´ng ngon .",negative
852,MÃ¬ ramen gÃ  chiÃªn ko ngon láº¯m,negative
853,Láº§n sau sáº½ ghÃ© tiáº¿p .,positive
854,ÄÆ°á»ng xa thÃ¬ máº·c Ä‘Æ°á»ng xa,positive
855,NÆ°á»›c khÃ´ng cÃ³ gÃ¬ Â  Ä‘áº·c sáº¯c .,negative
856,CÆ¡m trá»™n nháº¡t quÃ¡ má»©c quy Ä‘á»‹nh ... .,negative
857,NhÆ°ng Ä‘á»“ nÆ°á»›ng Äƒn nháº¡t nháº½o,negative
858,Thá»‹t thÃ¬ má»¡ trÃ n ngáº­p : v,negative
859,Ä‚n mÃ  bá» luÃ´n lÃ  hiá»ƒu ...,negative
860,"GÃ  má»m , hÃ¬nh nhÆ° cÃ´ng nghiá»‡p : v",negative
861,NhÃ¢n viÃªn tuy Ä‘Ã´ng nhÆ°ng phá»¥c vá»¥ cháº­m cháº¡p .,negative
862,"Ä‚n rá»“i , khÃ´ng Ä‘áº·c biá»‡t nhÆ° mÃ¬nh tÆ°á»Ÿng tÆ°á»£ng .",negative
863,Phá»¥c vá»¥ dá»… thÆ°Æ¡ng láº¯m láº¯m luÃ´n .,positive
864,"Äá»“ uá»‘ng pha cháº¿ ngon , cá»‘c to : ) )",positive
865,- vá»‹ cháº£ cÃ³ gÃ¬ Ä‘áº·c sáº¯c,negative
866,NÃ³i chung lÃ  Äƒn cÅ©ng Ä‘c !,negative
867,"Chá»— ngá»“i quÃ¡ lá»™n xá»™n , khÃ´ng Ä‘áº¹p !",negative
868,QuÃ¡n dá»… thÆ°Æ¡ng quÃ¡ chá»‹ Æ¡i !,positive
869,Vá»‹ trÃ­ quÃ¡n cÅ©ng dá»… tÃ¬m .,positive
870,hmmm giÃ¡ Ä‘áº¯t so vá»›i cháº¥t lÆ°á»£ng,negative
871,TrÃ  sá»¯a k ngon nhÆ° nhg chi nhÃ¡nh khÃ¡c .,negative
872,cháº¯c cháº¯n sáº½ qay láº¡i dÃ i dÃ i ...,positive
873,+ BÃ² nÆ°á»›ng xáº£ cÃ¢y 77K,positive
874,Giá»¯ xe miá»…n phÃ­ ná»¯a nhÃ© .,positive
875,Sáº½ quay láº¡i láº§n ná»¯a ! !,positive
876,Cháº¯c cháº¯n ko muá»‘n quay láº¡i,negative
877,QuÃ¡n cÃ¡ch nhÃ¢n viÃªn phá»¥c vá»¥ khÃ¡ tá»‡ .,negative
878,MÃ¬nh order pháº§n gÃ  cay phÃ´ mai,positive
879,NhÃ¢n viÃªn xinh vÃ  Ä‘áº¹p zai nhÆ°ng máº·t khÃ³ Ä‘Äƒm Ä‘Äƒm,negative
880,Mong quÃ¡n nhiá»u khÃ¡ch nha â™¡,positive
881,"TrÃ  sá»¯a ngon , vá»‹ Ä‘áº­m",positive
882,Pháº£i oder 4 láº§n má»›i Ä‘c : (,negative
883,"Äá»‹a Ä‘iá»ƒm quÃ¡n Ä‘áº¹p , dá»… tÃ¬m",positive
884,"QuÃ¡n rá»™ng r Ãƒi , nhÃ¢n viÃªn nhiá»‡t tÃ¬nh",positive
885,NhÃ¢n viÃªn hay yÃªu cáº§u tÃ­nh tiá»n trÆ°á»›c .,negative
886,nháº¥t Ä‘á»‹nh pháº£i Ä‘áº¿n Äƒn ná»¯a,positive
887,KhÃ´ng ngon nhÆ° láº§n Ä‘áº§u,negative
888,Sáº½ cÃ²n quay láº¡i dÃ i dÃ i .,positive
889,GiÃ¡ cáº£ cÅ©ng khÃ´ng pháº£i ráº» .,negative
890,- NhÃ¢n ViÃªn ráº¥t nhiá»‡t tÃ¬nh vÃ  dá»… thÆ°Æ¡ng .,positive
891,Sáº½ tiáº¿p tá»¥c ghÃ©t thÄƒm < 3,positive
892,"- KhÃ´ng gian nhá» nháº¯n , lá»‹ch sá»± , bÃ n gháº¿ gá»— .",positive
893,5 . Quáº£n lÃ½ vÃ  nhÃ¢n viÃªn thÃ¢n thiá»‡n,positive
894,"KhÃ´ng gian quÃ¡n thoÃ¡ng mÃ¡t , sáº¡ch sáº½ .",positive
895,2 . mÃ¹i nhÆ° cÃ¡ khÃ´,negative
896,noi chung minh ko vui,negative
897,Cháº¯c cháº¯n sáº½ quay láº¡i Hanuri ! ! ! !,positive
898,HÃ¡ cáº£o trá»©ng cá»±c kÃ¬ ngon,positive
899,NÃ³i chung sáº½ ghÃ© quÃ¡n dÃ i dÃ i,positive
900,CÃ¡c chá»‹ nv láº¡i nhiá»‡t tÃ¬nh ğŸ‘ ğŸ‘ ğŸ‘,positive
901,"- Toáº¡ Ä‘á»™ : dá»… kiáº¿m , ngÃµ nhá» .",positive
902,NhÃ¢n viÃªn khÃ´ng Ä‘Æ°á»£c láº¹ lÃ ng trong cÃ¡ch phá»¥c vá»¥,negative
903,"Äá»“ uá»‘ng há»£p kháº©u vá»‹ , giÃ¡ pháº£i chÄƒng .",positive
904,ko rá»™ng vÃ  ko Ä‘áº¹p,negative
905,NhÃ¢n viÃªn nhiá»‡t tÃ¬nh vÃ  phá»¥c vá»¥ nhanh nháº¹n,positive
906,VÃ  Palace Cafe lÃ  lá»±a chá»n cá»§a chÃºng tÃ´i .,positive
907,NhÃ¢n viÃªn khÃ¡ nice vá»›i khÃ¡ch hÃ ng .,positive
908,  nhÃ¢n viÃªn bÃ¬nh thÆ°á»ng khÃ¡ láº¡nh lÃ¹ng .,negative
909,+ ChÃ¢n gÃ  háº¥p tÃ u xÃ¬,negative
910,QuÃ¡n theo phong cÃ¡ch khÃ¡ gÃ­Ã´ng urban station .,negative
911,"- KhÃ´ng gian hÆ¡i nhá» , khÃ´ng Ä‘Æ°á»£c riÃªng tÆ°",negative
912,Cháº¯c cháº¯n sáº½ quay láº¡i Ä‘Ã¢y !,positive
913,"- NhÃ¢n viÃªn khÃ¡ dá»… thÆ°Æ¡ng , lÃºc nÃ o cÅ©ng cÆ°á»i .",positive
914,"- NÃªm náº¿m mÃ³n Äƒn vá»«a pháº£i , ngon .",positive
915,Sáº½ khÃ´ng ghÃ© quÃ¡n ná»¯a,negative
916,MÃ³n thÃ¬ cháº³ng Ä‘Ã¢u vÃ o Ä‘Ã¢u - Phá»¥c vá»¥ lÃ¢u thÃ´i rá»“i .,negative
917,"váº«n kiá»ƒu phá»¥c vá»¥ cÅ© , chá» lÃ¢u áº¿ .",negative
918,Thá» khÃ´ng bao giá» Ä‘i Äƒn á»Ÿ Ä‘Ã¢y ná»¯a,negative
919,3 . Cháº¥t lÆ°á»£ng Ä‘á»“ Äƒn qÃ¡ tá»‡,negative
920,Gá»i bÃ´ng cÃºc 10k uá»‘ng dá»Ÿ tá»‡ .,negative
921,"Äá»‹a Ä‘iá»ƒm rá»™ng rÃ£i , chÆ¡i ráº¥t thoáº£i mÃ¡i",positive
922,Â  KhÃ´ng gian nhÃ  hÃ ng khÃ¡ lÃ  Ä‘áº¹p Â  : ) ),positive
923,Vi trÃ­ : dá»… tÃ¬m . rá»™ng rÃ£i,positive
924,Äá»“ uá»‘ng á»Ÿ Ä‘Ã¢y khÃ¡ ngon .,positive
925,- Chá»‰ muá»‘n tá»›i woÃ i thÃ´i : ) ) ),positive
926,"Ba chá»‰ chiÃªn ngon , Æ°á»›p Ä‘áº­m Ä‘Ã ",positive
927,Sapoche thÃ¬ Ä‘Ã£ ná»“ng náº·c mÃ¹i lÃªn men rÆ°á»£u .,negative
928,BÃºn Ä‘áº­u máº¯m tÃ´m : 22k,positive
929,Cháº¯c cháº¯c sáº½ quay láº¡i !,positive
930,Äá»“ uá»‘ng k tÆ°Æ¡ng xá»©ng vá»›i giÃ¡ lÃ  3 .,negative
931,"Tuy nhiÃªn , má»™t sá»‘ Ä‘iá»u quÃ¡n cáº§n lÆ°u Ã½ :",positive
932,"Thá»©c Äƒn náº¥u vá»«a miá»‡ng , phá»¥c vá»¥ nhanh .",positive
933,"- NhÃ¢n viÃªn nhanh nháº¹n , thÃ¢n thiá»‡n , phá»¥c vá»¥ tá»‘t .",positive
934,: ( chá»‰ cÃ³ hÃ¬nh dÃ¡ng giá»‘ng thui,negative
935,Miáº¿ng Ä‘Ã o thÃ¬ nhÃ£o nhÃ£o,negative
936,NÃ³i chung sáº½ k quay láº¡i ná»¯a !,negative
937,"GiÃ¡ cáº£ vá»«a pháº£i , Äƒn no cÄƒng",positive
938,MÃ¬nh thÃ­ch mÃ³n salad nháº¥t,positive
939,NÃ³i chung lÃ  hÃ i lÃ²ng tuyá»‡t Ä‘á»‘i vá» tráº£i nghiá»‡m .,positive
940,QuÃ¡n yÃªn tÄ©nh . GiÃ¡ cáº£ pháº£i chÄƒng . Phá»¥c vá»¥ táº­n tÃ¬nh ^ ^,positive
941,"QuÃ¡n cÃ³ khÃ´ng gian rá»™ng rÃ£i , dá»… chá»‹u",positive
942,NhÃ¢n viÃªn gá»­i xe váº«n dá»… thÆ°Æ¡ng .,positive
943,NhÃ¢n viÃªn lÃºc mÃ¬nh Ä‘áº¿n cÅ©ng vui váº» .,positive
944,"KhÃ´ng gian dá»… thÆ°Æ¡ng , mÃ u sáº¯c áº¥m Ã¡p vui tÆ°Æ¡i .",positive
945,Má»‘t pháº£i ghÃ© ná»¯a thÃ´i .,positive
946,Chá»§ phá»¥c vá»¥ luÃ´n nÃªn ráº¥t há»i há»£t .,negative
947,MÃ u sáº¯c vÃ  hÆ°Æ¡ng vá»‹ khÃ¡ phong phÃº,positive
948,"Há»§ tiáº¿u mua vá» , nguá»™i nÃªn nÆ°á»›c lÃ¨o máº·n láº¡i ! ! !",negative
949,1 Ä‘i khÃ´ng muá»‘n quay láº¡i,negative
950,NhÃ¢n viÃªn : nhanh nháº¹n nhiá»‡t tÃ¬nh vÃ  tÆ°Æ¡i cÆ°á»i .,positive
951,"ÄÃ´ng Æ¡i lÃ  Ä‘Ã´ng , pháº£i xáº¿p hÃ ng",positive
952,+ KhÃ´ng gian : hÆ¡i nhá» so vá»›i quy Ä‘á»‹nh,negative
953,SÃ² khÃ´ng Ä‘Æ°á»£c thÆ¡m vÃ  ngá»t .,negative
954,"QuÃ¢n rá»™ng thoÃ¡ng , dá»… tÃ¬m !",positive
955,NhÃ¢n viÃªn Ä‘Ã´ng nÃªn phá»¥c vá»¥ nhanh .,positive
956,Sáº½ ko cÃ³ láº§n sau,negative
957,6 . NhÃ  vá»‡ sinh cÅ©ng ráº¥t sáº¡ch sáº½ .,positive
958,HÃ¬nh áº£nh chá»‰ mang tÃ­nh cháº¥t lá»«a Ä‘áº£o,negative
959,NÃ³i chung khÃ´ng thÃ­ch á»Ÿ Ä‘Ã¢y .,negative
960,"CÅ©ng táº¡m á»•n thÃ´i , Ä‘á»“ uá»‘ng Ä‘áº¯t .",negative
961,MÃ¬nh thÃ­ch nháº¥t lÃ  chi nhÃ¡nh lÃª vÄƒn sá»¹ : ),positive
962,Sáº½ khÃ´ng bao giá» quay láº¡i . Never .,negative
963,"+ Vá»‹ trÃ­ : máº·t Ä‘Æ°á»ng TrÃ ng Tiá»n , dá»… tÃ¬m .",positive
964,"  Äá»“ Äƒn thá»©c uá»‘ng ngon , cháº¥t lÆ°á»£ng",positive
965,GiÃ¡ 30k tÆ°Æ¡ng Ä‘á»‘i cao,negative
966,"Thá»±c Ä‘Æ¡n phong phÃº Ä‘a dáº¡ng , giÃ¡ siÃªu ráº» .",positive
967,GhÃ© quÃ¡n nhiá»u láº§n rá»“i,positive
968,tá»‘ng chÃ o chÃº vÃ  khÃ´ng thÃ¢n Ã¡i nhÃ©,negative
969,ÄÆ°á»£c cÃ¡i cho thÃªm ly nÆ°á»›c dá»«a uá»‘ng .,positive
970,NÃ³i chung lÃ  sáº½ kbh quay láº¡i ğŸ‘Œ ğŸ»,negative
971,- GiÃ¡ cÅ©ng nhÆ° cÃ¡c quÃ¡n khÃ¡c .,negative
972,GiÃ¡ cáº£ : ráº» hÆ¡n pepper lunch,positive
973,"nhÃ¢n viÃªn phá»¥c vá»¥ thÃ¢n thiá»‡n , cÆ°á»i nhiá»u .",positive
974,"Canh ko Ä‘áº­m Ä‘Ã  , cáº£m tháº¥y láº¡t .",negative
975,NÃ³i cho má»i ngÆ°á»i rÃºt kinh nghiá»‡m nhÃ© ! ! ğŸ˜£ ğŸ˜£,negative
976,BÃ³ tay nháº¥t lÃ  chÆ¡i nháº¡c club ... .,negative
977,ChÆ°a bao giá» tá»‡ nhÆ° hÃ´m nay .,negative
978,- Má»™t Ä‘i khÃ´ng dÃ¡m quay láº¡i .,negative
979,Ly nÆ°á»›c hotgirl 32k,positive
980,- Ä‚n mÃ  cá»© hÃ­t hÃ  : 3,positive
981,* Duy nháº¥t ko thÃ­ch cÃ¡i ná»n gáº¡ch tráº¯ng Ä‘en,negative
982,bÃ¹ láº¡i Ä‘c nhÃ¢n viÃªn nhiá»‡t tÃ¬nh,positive
983,"NhÃ¢n viÃªn cÅ©ng váº­y , dá»… thÆ°Æ¡ng , nhiá»‡t tÃ¬nh .",positive
984,ThÃ¡i Ä‘á»™ nhÃ¢n viÃªn phá»¥c vá»¥ thiáº¿u chuyÃªn nghiá»‡p,negative
985,GiÃ¡ cáº£ ko tuÆ¡ng xá»©ng vs cháº¥t lÆ°á»£ng .,negative
986,"NhÃ¢n viÃªn thÃ¢n thiá»‡n , chu Ä‘Ã¡o vá»›i khÃ¡ch hÃ ng .",positive
987,"thix mÃ¹ táº¡t á»Ÿ Ä‘Ã¢y , cay ná»“ng : ) )",positive
988,Káº¿t luáº­n : 1 Ä‘i khÃ´ng trá»Ÿ láº¡i ...,negative
989,Menu phong phÃº vá»›i nhiá»u mÃ³n,positive
990,Sáº½ ko trá»Ÿ láº¡i quÃ¡n thÃªm láº§n nÃ o ná»¯a,negative
991,"Sá»¯a tÆ°Æ¡i cá»±c thÆ¡m , ngá»t vá»«a",positive
992,Sáº½ khÃ´ng trá»Ÿ láº¡i Ä‘Ã¢y ná»¯a,negative
993,Trá»©ng 10 cÃ¡i tÆ°Æ¡ng Ä‘á»‘i oke .,positive
994,QuÃ¡n cÃ³ nhiá»u Ä‘iá»ƒm yáº¿u :,negative
995,Tá»›i khi Ä‘áº¿n thá»­ ... tháº¥t vá»ng .,negative
996,Hi vá»ng quÃ¡n lÃ m Äƒn cho Ä‘Ã ng hoÃ ng láº¡i .,negative
997,"Äá»“ Äƒn khÃ´ng ngon , mÃ³n nÃ o Ä‘á»u khÃ³ Äƒn ! ! ! ! ! ! !",negative
998,Kem báº¡c hÃ  báº¥t há»§ xá»§a Thá»§y táº¡ .,positive
999,GiÃ¡ thÃ¬ quÃ¡ máº¯c so vá»›i cháº¥t lÆ°á»£ng .,negative
1000,Nháº¥t Ä‘á»‹nh sáº½ ghÃ© quÃ¡n Äƒn tiáº¿p .,positive
1001,GiÃ¡ cáº£ chÆ°a pháº£i lÃ  ráº»,negative
1002,"+ DzÃº dÃª thÃ¬ má»¡ quÃ¡ , Äƒn á»›n á»›n",negative
1003,"quÃ¡n thÃ¬ cháº­t , khÃ´ng gian bÃ­t bÃ¹ng",negative
1004,"- Kháº¯c Serri Ä‘áº§y Ä‘á»§ , in chÃ¬m Chá»¯ Rayban",positive
1005,NhÃ¢n viÃªn kiá»ƒu nhÆ° ná»•i tiáº¿ng nÃªn k cáº§n khÃ¡ch .,negative
1006,Váº­y mak tÄƒng giÃ¡ cao quÃ¡ trá»i,negative
1007,Äá»‹a Ä‘iá»ƒm yÃªu thÃ­ch cá»§a gia Ä‘Ã¬nh mÃ¬nh !,positive
1008,QuÃ¡n siÃªu báº©n ná»¯a áº¡ !!,negative
1009,Äáº¿n hai láº§n Ä‘á»u ra váº» thÃ¡i Ä‘á»™ nhÆ° váº­y ! !,negative
1010,"Tá»•ng thiá»‡t háº¡i 17k , khÃ¡ hÃ i lÃ²ng .",positive
1011,Tá»‘n tiá»n ghÃª,negative
1012,Ä‚n cÅ©ng thÆ°á»ng k xuáº¥t sáº¯c,negative
1013,Vá» pháº§n bÃ¡nh thÃ¬ trá»©ng muá»‘i bÃ©o,positive
1014,Lá»i nháº¯n Ä‘áº¿n anh Jun :,positive
1015,"mÃ³n Äƒn ngon , tÆ°Æ¡i , ráº» .",positive
1016,Äá»“ uá»‘ng toÃ n Ä‘Æ°á»ng vá»›i hÃ³a cháº¥t 8 - },negative
1017,"+ BÃºn Ä‘áº­u máº¯m tÃ´m ngon , nhiá»u , báº¯t máº¯t",positive
1018,Sáº½ khÃ´ng quay láº¡i láº§n ná»¯a .,negative
1019,CÃ¡c mÃ³n nÃªn thá»­ nhÆ° lÃ  :,positive
1020,nhÃ¢n viÃªn cÅ©ng cháº³ng thÃ¢n thiá»‡n gÃ¬ ná»¯a : |,negative
1021,- NhÃ  vá»‡ sinh ráº¥t lÃ  sáº¡ch sáº½ luÃ´n ...,positive
1022,bÃ¡nh mÃ¬ nguá»™i nÃªn Äƒn máº¥t ngon ...,negative
1023,"NÆ°á»›c dÃ¹ng mÃ¬ Ä‘áº­m Ä‘Ã  , kimbap ngonnnnn .",positive
1024,NÃ³i chung bÃªn Ä‘Ã¢y hoÃ n toÃ n tháº¥t vá»ng,negative
1025,    > KhÃ´ng bao giá» ghÃ© láº¡i quÃ¡n nÃ y ná»¯a .,negative
1026,NÃ³i chung ko lung linh nhÆ° trÃªn insta hay quáº£ng cÃ¡o    ,negative
1027,"TÃ³m láº¡i lÃ  , k quay láº¡i ná»¯a ! ! - . -",negative
1028,Cáº£m Æ¡n anh - ThÆ°Æ¡ng nhiá»u láº¯m luÃ´n ! ! ! !,positive
1029,"NhÃ¢n viÃªn phá»¥c vá»¥ cÅ©ng nhiá»‡t tÃ¬nh , thÃ¢n thiá»‡n .",positive
1030,Cáº£m Æ¡n Ä‘á»“ng tiáº¿n hoÃ ng diá»‡u nhÃ©,positive
1031,* NÃ³i chung lÃ  Peachie sieu lÃ½ tÆ°á»Ÿng .,positive
1032,"Cuá»‘i tuáº§n nÃªn Ä‘Ã´ng khá»§ng khiáº¿p , ngá»“i nÃ³ng ná»±c , hun khÃ³i",negative
1033,- QuÃ¡n cÃ³ ko gian nhá» !,negative
1034,Thá»© 1 : NÆ°á»›c lÃ¨o Â  ko ngon,negative
1035,"+ Phá»¥c vá»¥ : tá»‘t , nhiá»‡t tÃ¬nh , Ä‘á»“ng phá»¥c Ä‘áº¹p .",positive
1036,NÃ³i chung lÃ  tháº¥t vá»ng quÃ¡ nhÃ¨ooo,negative
1037,  Phá»¥c vá»¥ quÃ¡ thiáº¿u chuyÃªn nghiá»‡p :,negative
1038,Thá»±c sá»± cháº³ng ngon gÃ¬ cáº£ .,negative
1039,Äem vá» kÃ­p giáº¥y < 3,positive
1040,ThÃ­ch há»£p Ä‘á»ƒ Ä‘áº¿n há»c bÃ i,positive
1041,3 / Ä‘Ã³ng gÃ³p Ã½ kiáº¿n ko tiáº¿p thu 1 cÃ¡ch chÃ¢n thÃ nh !,negative
1042,"CÃ¡nh gÃ  Äƒn Ä‘Æ°á»£c , lÆ°á»n gÃ  khÃ´ .",negative
1043,Táº­n tÃ¬nh vÃ  Ã©p buá»™c lÃ  hai khÃ¡i niá»‡m khÃ¡c nhau .,negative
1044,Äá»“ uá»‘ng thÃ¬ cÅ©ng khÃ¡ á»•n,positive
1045,Cháº¯c lÃ  k dÃ¡m Ä‘áº¿n láº§n 2,negative
1046,"- Má»±c nÆ°á»›ng vá»«a tá»›i , sá»‘t ngon .",positive
1047,Sáº½ gÃ© láº¡i dÃ i dÃ i dÃ i,positive
1048,Ráº¥t hÃ i lÃ²ng vá» nÆ¡i nÃ y .,positive
1049,Máº¥y báº¡n phá»¥c vá»¥ thÃ¬ bÃ¬nh thÆ°á»ng,negative
1050,Theo mÃ¬nh nháº­n xÃ©t khÃ¡ch quan thÃ¬ :,positive
1051,"NhÃ¢n viÃªn phá»¥c vá»¥ nhanh nháº¹n , vui váº» , nhiá»‡t tÃ¬nh .",positive
1052,"Phuc vu : nhanh nháº¹n , nhiá»‡t tÃ¬nh : ) ) ) vui váº» .",positive
1053,GiÃ¡ cáº£ thÃ¬ ráº» báº¥t ngá» luÃ´n .,positive
1054,"QuÃ¡n khÃ¡ mÃ¡t máº» , phá»¥c vá»¥ nhiá»‡t tÃ¬nh",positive
1055,TrÃ  Ä‘Ã o vá»‹ khÃ¡ nháº¡t .,negative
1056,"NhÃ¢n viÃªn phá»¥c vá»¥ cÅ©ng tá»‘t , quÃ¡n Ä‘áº¹p .",positive
1057,"- GiÃ¡ cáº£ : bÃ¬nh dÃ¢n , ráº¥t phÃ¹ há»£p vs hssv",positive
1058,Äc cÃ¡i mÃ¡y láº¡nh láº¡nh kinh khá»§ng,positive
1059,Äá»£i nÆ°á»›c hÆ¡i bá»‹ lÃ¢u Ã­,negative
1060,KhÃ´ng cÃ³ Ã½ Ä‘á»‹nh quay láº¡i .,negative
1061,"Ä‘i cÃ¹ng vá»›i gia Ä‘Ã¬nh tháº­t vui ,",positive
1062,Gimbap cÆ¡m hÆ¡i nháº£o,negative
1063,Ngáº¡i gÃ¬ mÃ  khÃ´ng Ä‘áº¿n .,positive
1064,Sushi lÃ m khÃ´ng Ä‘Ãºng vá»‹ .,negative
1065,"XoÃ i giÃ²n , sá»‘t cháº¥m ngon .",positive
1066,nhÃ¢n viÃªn & bÃ  chá»§ máº·t hÆ¡i khÃ³ chá»‹u,negative
1067,Äiá»ƒm cá»™ng : giá»¯ xe miá»…n phÃ­,positive
1068,Sá»£ tá»›i giÃ  luÃ´n,negative
1069,* * * Sao nÃ¨ : LÃ  tá»‘t Â  Ã¡,positive
1070,NÃ³i tÃ³m láº¡i uá»‘ng á»Ÿ Ä‘Ã¢y ráº¥t ok .,positive
1071,< 3 NÃ³i chung thÃ­ch thÃ­ch Ã¡,positive
1072,NÃ³i chung lÃ  ráº¥t thÃ­ch Linh HÃ­p â¤ ï¸ â¤ ï¸ â¤ ï¸ â¤ ï¸,positive
1073,6 . Giá»¯ xe khÃ³ chá»‹u cáº±n nháº±n .,negative
1074,NÃ³i chung vÃ´ cÃ¹ng bá»±c bá»™i vÃ  tháº¥t vá»ng !,negative
1075,- HÆ¡i tháº¥t vá»ng vá» quÃ¡n nÃ y :,negative
1076,"QuÃ¡ tá»‡ , k bao giá» ghÃ© láº§n thá»© 2 ! ! !",negative
1077,"Tiáº¿t canh quÃ¡n cháº¿ biáº¿n sáº¡ch sáº½ , vá»‡ sinh",positive
1078,Chá»— ngá»“i nhÃ¬u view Ä‘áº¹p,positive
1079,"Nhá»¯ng muá»™n phiá»n , má»‡t má»i trÃ´i qua",positive
1080,Váº­y mÃ  ai cÅ©ng khen ná»©c ná»Ÿ,negative
1081,BÃ¡nh xÃ¨o vÆ°a thÆ¡m vá»«a giÃ²n,positive
1082,Cuá»‘i tuáº§n láº¡i gá»i Äƒn tiáº¿p !,positive
1083,"NÆ¡i thÃ­ch há»£p chgo há»™i nhÃ³m , háº¹n hÃ² .",positive
1084,Ä‘á»‹a Ä‘iá»ƒm xa quÃ¡ ko giao,negative
1085,cÃ³ há»“ bÆ¡i ráº¥t tiá»‡n nghi .,positive
1086,HÃ´m nay láº¡i ngon hÆ¡n hÃ´m qua .,positive
1087,tÃ¬m cáº£ buá»•i vÃ²ng vÃ²ng cuá»‘i cÃ¹ng Ä‘Ã³ng cá»­a,negative
1088,Menu ráº¥t ráº¥t phong phÃº luÃ´nnnn,positive
1089,"Chá»— ngá»“i mÃ¡t máº» , thoÃ¡ng mÃ¡t .",positive
1090,NhÃ¢n viÃªn thÃ¬ dá»… thÆ°Æ¡ng ; Ä‘á»“ Äƒn ok,positive
1091,KhÃ´ng ngon vÃ  cÅ©ng khÃ´ng cÃ³ gÃ¬ Ä‘áº·c sáº¯c,negative
1092,"Chá»§ quÃ¡n phá»¥c vá»¥ ráº¥t niá»m ná»Ÿ , dá»… thÆ°Æ¡ng",positive
1093,KhÃ´ng gian áº¥m cÃºng vÃ  ráº¥t sang trá»ng nhÃ©,positive
1094,Máº¥y ac phá»¥c vá»¥ dthg ghÃª,positive
1095,QuÃ¡n ko dá»… thÆ°Æ¡g máº¥y .,negative
1096,"bÃ¡t Ä‘áº§y Ä‘áº·n , Äƒn no luÃ´n : ) )",positive
1097,"3 anh bÃ¡n nhiá»‡t tÃ¬nh , dá»… thÆ°Æ¡ng .",positive
1098,Sáº½ k bao giá» quay láº¡i !,negative
1099,Ko cÃ³ gÃ¬ Ä‘á»ƒ chÃª,positive
1100,Pháº£i nÃ³i lÃ  tuyá»‡t vá»i luÃ´n .,positive
1101,NhÃ¢n viÃªn phá»¥c vá»¥ cÅ©ng hok dá»… thÆ°Æ¡ng .,positive
1102,Sinh viÃªn Ä‘áº¿n Äƒn lÃ  vá»«a .,negative
1103,- Máº¥y chÃº giá»¯ xe vui váº»,positive
1104,Tá»•ng thiá»‡t háº¡i 560k 2 ngÆ°á»i .,negative
1105,"Phá»¥c vá»¥ nhiá»‡t tÃ¬nh , dá»… thÆ°Æ¡ng vÃ  chu Ä‘Ã¡o !",positive
1106,Thá» khÃ´ng bao giá» ghÃ© láº§n thá»© hai,negative
1107,- BÃ¡nh xÃ¨o : y há»‡t bá»™t chiÃªn vá»›i háº¹ .,negative
1108,- Váº¹m xanh nÆ°á»›ng má»¡ hÃ nh,positive
1109,Cá»±c kÃ¬ tháº¥t vá»ng vá» quÃ¡n nÃ y .,negative
1110,choco háº¡nh nhÃ¢n uá»‘ng nghe mÃ¹i Ä‘áº­u phá»™ng khÃ´ng ah,negative
1111,- kem xÃ´i Äƒn ráº¥t kÃ¬,negative
1112,Ramen cay 3 pháº§n má»—i pháº§n 64k,negative
1113,Ä‚n cÅ©ng bÃ¬nh thÆ°á»ng vá»›i giÃ¡ máº¯c váº­y,negative
1114,- Panna cota thÆ¡m vÃ  bÃ©o .,positive
1115,TÃ³m gá»n lÃ  khÃ´ng ngon .,negative
1116,+ Æ¯u Ä‘iá»ƒm : - quÃ¡n khÃ¡ dá»… tÃ¬m,positive
1117,Wifi free vÃ  khÃ¡ máº¡nh .,positive
1118,"QuÃ¡n Ä‘Ã´ng , khÃ´ng gian má»Ÿ nÃªn hÆ¡i á»“n",negative
1119,1 . Má»Ÿ nháº¡c quÃ¡ to,negative
1120,ThÃ­ch cappuccino á»Ÿ quÃ¡n nÃ y,positive
1121,KhÃ´ng gian buá»•i chiá»u thÃ¬ tá»‘i,negative
1122,BÃ² á»Ÿ Ä‘Ã¢y bÃ¡n bÃ¬nh thÆ°á»ng .,negative
1123,"Thit ko co vi ngot ,",negative
1124,NÃ³i chung cháº¯c cháº¯n sáº½ quay láº¡i !,positive
1125,Dá»… tÃ­nh nÃªn Äƒn khÃ¡ vá»«a miá»‡ng,positive
1126,"Phá»¥c vá»¥ bÃ¬nh thÆ°á»ng , khÃ´ng nhiá»‡t tÃ¬nh vui váº» máº¥y .",negative
1127,TÃºm láº¡i 1 cÃ¢u : never come back . Háº¿t,negative
1128,Â  View thÃ¬ khá»i chÃª luÃ´n : ),positive
1129,NÃ³i chung lÃ  ko cÃ³ láº§n sau,negative
1130,- SÃ² huyáº¿t xÃ o tá»i thÃ¬ y nhÆ° ko xÃ o,negative
1131,NÃ³i chung lÃ  Ä‘á»“ uá»‘ng ráº¥t chÃ¡n ğŸ˜¤ ğŸ˜¤ ğŸ˜¤ ğŸ˜¤,negative
1132,- Cá»­a hÃ ng & tá»§ mÃ¬ nhÃ¬n sáº¡ch sáº½ .,positive
1133,- áº¤n tÆ°á»£ng vá»›i máº¥y bÃ© ham xinh : ),positive
1134,Jollibee theo mÃ¬nh k ngon báº±ng Lotteria .,negative
1135,"GÃ  cheese Äƒn ngÃ¡n , láº¡t",negative
1136,QuÃ¡n hÆ¡i nhá» vÃ  khÃ´ng mÃ¡y láº¡nh,negative
1137,"KhÃ´ng gian thÃ¬ thoáº£i mÃ¡i trang trÃ­ Ä‘áº¹p ,",positive
1138,Order Ä‘á»“ Äƒn thÃ¬ bá»‹ há»¥t !,negative
1139,Cháº¯c thÃ nh khÃ¡ch quen quÃ¡,positive
1140,"ğŸŒ€ giÃ¡ cáº£ : Ä‘áº¯t . 20k trá»Ÿ lÃªn / 1 cÃ¡i ,",negative
1141,Cáº£m giÃ¡c lÃ  quÃ¡n khÃ´ng Ä‘Æ°á»£c vá»‡ sinh .,negative
1142,QuÃ¡n nÃ y cÃ ng lÃºc cÃ ng tá»‡ .,negative
1143,"BÃ¡nh vá»«a Äƒn , nÆ°á»›c máº¯m ngon",positive
1144,"NhÃ¢n viÃªn thÆ° viá»‡n thÃ¢n thiá»‡n , nhiá»‡t tÃ¬nh , lá»… Ä‘á»™ .",positive
1145,TrÃ¡i cÃ¢y vÃ  nÆ°á»›c thÃ¬ ok .,positive
1146,NÃ³i chung á»Ÿ Ä‘Ã¢y ko há»£p vá»›i mÃ¬nh láº¯m .,negative
1147,"- Phá»¥c Vá»¥ : ngÆ°á»i mÃ¡t , ngÆ°á»i áº¥m .",positive
1148,NÃªn Ä‘áº¿n 1 láº§n cho biáº¿t .,positive
1149,NÃ³i chung lÃ  khÃ´ng nÃªn Ä‘i á»Ÿ Ä‘Ã¢y !,negative
1150,"Ngon , giÃ¡ c áº¢ há»£p lÃ­",positive
1151,Cháº£ muá»‘n vÃ o láº§n 2 ...,negative
1152,Â  1 láº§n vÃ  ko bao giá» trá»Ÿ láº¡i,negative
1153,MÃ³n bÃ¡nh canh ghÃ¬ thá»±c sá»± tá»‡,negative
1154,Kiá»ƒu trang trÃ­ phong cÃ¡ch bar tÃ¢y,positive
1155,Chá»— nÃ y khÃ¡ ná»•i tiáº¿ng rá»“i .,positive
1156,Uá»‘ng cá»‘c bia thÃ¬ tuyá»‡t .,positive
1157,NÆ°á»›c cháº¥m máº·n vs khÃ´ng muá»‘n cháº¥m luÃ´n,negative
1158,"- Äá»“ Äƒn siÃªu nháº¡t , ko cÃ³ vá»‹ gÃ¬ Ä‘áº·c sáº¯c .",negative
1159,Äá»“ Äƒn tÃ m táº¡m mÃ  láº¡i Ä‘áº¯t ná»¯a .,negative
1160,Nháº¥t Ä‘á»‹nh sáº½ quay láº¡i sá»›m ! ! !,positive
1161,nÃ³i chung khÃ´ng cÃ³ láº§n sau Ä‘Ã¢u nhÃ© : ),negative
1162,Cháº¯c ko quay láº¡i Ä‘Ã¢u,negative
1163,"Uá»‘ng bao ngon , nghiá»n luÃ´n",positive
1164,ThÃ¡i Ä‘á»™ thÃ¬ láº¡i cÃ ng k thá»ƒ cháº¥p nháº­n Ä‘Æ°á»£c !,negative
1165,GiÃ¡ cáº£ thÃ¬ trÃªn trá»i cÃ²n cháº¥t lÆ°á»£ng thÃ¬ ...,negative
1166,"Cho nhÃ¬u tá»i quÃ¡ , Ã¡t luÃ´n vá»‹ áº¿ch : ( (",negative
1167,"GiÃ¡ cáº£ thÃ¬ há»£p lÃ­ , vá»«a tÃºi tiá»n .",positive
1168,NÃ³i chung ráº¥t lÃ  thk quÃ¡n nÃ y ğŸ˜,positive
1169,"Trong háº»m , yÃªn tÄ©nh ngÆ°ng giÃ¡ quÃ¡ cao",negative
1170,HoÃ n toÃ n tháº¥t vá»ng vá» má»i thá»© !,negative
1171,Thá»© ba lÃ  nhÃ¢n viÃªn phá»¥c vá»¥ nhiá»‡t tÃ¬nh .,positive
1172,"Miáº¿n ngan , mÃ¬nh khÃ´ng thÃ­ch láº¯m .",negative
1173,bÃ n gháº¿ vá»‡ sinh chuáº©n nÃ³i chung lÃ  Trung BÃ¬nh,positive
1174,ChÃ¡n cháº£ buá»“n chá»¥p hÃ¬nh .,negative
1175,Phá»¥c vá»¥ cÅ©ng nhanh nháº¹n vÃ  niá»m ná»Ÿ .,positive
1176,MÃ  giÃ¡ Ä‘á»“ uá»‘ng thÃ¬ máº¯c .,negative
1177,GÃ  háº¥p máº¯m nhÄ© : ngon nháº¥t,positive
1178,"- ThÆ¡m nÆ°á»›ng chÆ°a tá»›i , vÃ  thÆ¡m ráº¥t chua",negative
1179,- má»›i sÃ¡ng sá»›m mÃ  ! * giá»ng bá»±c bá»™i,negative
1180,KhÃ´ng cÃ³ Ã½ Ä‘á»‹nh quay láº¡i láº§n ná»¯a,negative
1181,QuÃ¡ Ä‘áº¯t so vá»›i vá»‰a hÃ¨ rá»“i : (,negative
1182,Nháº¥t Ä‘á»‹nh ghÃ© hoÃ i luÃ´n nÃ¨ .,positive
1183,CÃ³ láº½ há»£p vá»›i mn Äƒn láº©u hÆ¡n,negative
1184,NhÆ°ng chá»‹ phá»¥c vá»¥ ráº¥t dá»… thÆ°Æ¡ng .,positive
1185,Cháº¯c táº¡i em khÃ³ tÃ­nh quÃ¡ : /,negative
1186,chá»‰ thÃ­ch bÃ¡c báº£o vá»‡ dá»… thÆ°Æ¡ng : ),positive
1187,NhÃ¢n viÃªn ráº¥t thoáº£i mÃ¡i vÃ  thÃ¢n thiá»‡n !,positive
1188,"KhÃ´ng gian rá»™ng rÃ£i , thoÃ¡ng vÃ  Ä‘áº¹p .",positive
1189,NÆ°á»›c cháº¥m thÃ¬ quÃ¡ tá»‡ luÃ´n .,negative
1190,MÃ³n Äƒn ngon . NÆ°á»›c dÃ¹ng khÃ¡ ngon .,positive
1191,"Soda Ä‘Ã o ngon , giÃ¡ á»•n",positive
1192,"Vá» Ä‘á»“ Äƒn thÃ¬ ngon , sáº¡ch sáº½ .",positive
1193,- QuÃ¡n Ã­t nhÃ¢n viÃªn nÃªn chá» ráº¥t lÃ¢u,negative
1194,Cháº¯c do sá»‘ mÃ¬nh xui .,negative
1195,"Vá»‹ trÃ­ hÆ¡i khuáº¥t , khÃ³ tÃ¬m .",negative
1196,"NhÃ¢n viÃªn phá»¥c vá»¥ ráº¥t chu Ä‘Ã¡o , nhiá»‡t tÃ¬nh",positive
1197,ThÃ­ch nháº¥t lÃ  Flan Gatoux cá»§a quÃ¡n,positive
1198,NÆ°á»›c Ã©p cÃ³c cÅ©ng ráº¥t cháº¥t lÆ°á»£ng .,positive
1199,"NÃ³i chung ráº¥t Ä‘Ã¡ng Ä‘á»ƒ thá»­ : "" >",positive
1200,- KhÃ´ng cÃ³ chá»— ngá»“i láº¡i,negative
1201,xin phÃ©p giÃ£ tá»« em tá»« Ä‘Ã¢y ! ! !,negative
1202,Tok : siÃªu cá»©ng nhÆ° cÃ²n sá»‘ng @ @,negative
1203,chá»‰ Ä‘c cÃ¡i bÃ¡nh thÆ¡m,negative
1204,Sáº½ á»§ng há»™ láº§n sau ná»¯a !,positive
1205,NÃ³i chung lÃ  ko Ä‘c hÃ i lÃ²ng,negative
1206,Ngá»“i ngoÃ i trá»i nÃªn khÃ¡ nÃ³ng : ( (,negative
1207,NhÃ¢n viÃªn thÃ¢n thiá»‡n cÃ²n dá»… thÆ°Æ¡ng ná»¯a â¤,positive
1208,MÃ¬ Ä‘en thÃ¬ ngonnnnn Æ¡i lÃ  ngon .,positive
1209,"KhÃ´ng gian Ä‘áº¹p , thÃ¡i Ä‘á»™ phá»¥c vá»¥ tá»‘t .",positive
1210,spa thÆ°á»ng xuyÃªn giáº£m giÃ¡ 50% giÃ¡ dá»‹ch vá»¥ .,positive
1211,Nhiá»u trai xinh gÃ¡i Ä‘áº¹p,positive
1212,ChÃºc tiá»‡m buÃ´n may bÃ¡n Ä‘áº¯t .,positive
1213,Cháº¯c cháº¯n lÃ  sáº½ khÃ´ng quay láº¡i Tano Sushi ná»¯a .,negative
1214,Má»™t pháº§n nÆ°á»›c sÃ¢m giáº£i khÃ¡t .,positive
1215,CÃ²n láº¡i cÃ¡c mÃ³n khÃ¡c bÃ¬nh thÆ°á»ng .,positive
1216,CÃ³ live music nhÆ°ng chÃ¡n láº¯m,negative
1217,GiÃ¡ vÃ© vÃ o tham quan khÃ¡ ráº» ^ ^,positive
1218,Thá» lÃ  khÃ´ng bao giá» quay láº¡i,negative
1219,"KhÃ´ng gian : nhá» , Ã­t bÃ n , á»“n",negative
1220,NgoÃ i ra khÃ´ng áº¥n tÆ°á»£ng gÃ¬ nhiá»u .,negative
1221,NhÃ¢n viÃªn Ä‘Ã´ng nÃªn phá»¥c vá»¥ ráº¥t nhanh .,positive
1222,Äƒn giá»‘ng káº¹o hÆ¡n lÃ  bÃ¡nh,negative
1223,Chá»§ quÃ¡n cÅ©ng dá»… thÆ°Æ¡ng ná»¯a .,positive
1224,Váº«n sáº½ quay láº¡i ! ( y ),positive
1225,"KhÃ´ng gian xinh xáº¯n , decor sÃ¡ng táº¡o , dá»… thÆ°Æ¡ng !",positive
1226,  cháº³ng ghÃ© láº§n 2,negative
1227,+ NhÆ°á»£c Ä‘iá»ƒm : - bÃ¡nh bÃ© tÃ­ mÃ  Ä‘áº¯t,negative
1228,"Äá»“ uá»‘ng táº¡m Ä‘Æ°á»£c , cÅ©ng k cÃ³ gÃ¬ Ä‘áº·c biá»‡t .",negative
1229,Nháº¥t Ä‘á»‹nh quay láº¡i rá»“i Ä‘Ã³ : 3,positive
1230,NhÃ¢n viÃªn thÃ¬ láº¡nh lÃ¹ng tháº¥y dá»… sá»£ : (,negative
1231,- Ruá»“i thÃ¬ ráº¥t chi lÃ  hÃ¢m má»™ ngÆ°á»i Äƒn ğŸ˜‘ ğŸ˜‘,negative
1232,Láº©u ThÃ¡i chua cay lÃ m mÃ¬nh quÃ¡ tháº¥t vá»ng : ( (,negative
1233,Nháº¥t Ä‘á»‹nh sáº½ ghÃ© láº¡i thÆ°á»ng !,positive
1234,"Máº«u bÃ¡nh Ä‘a dáº¡ng , ráº¥t dá»… thÆ°Æ¡ng",positive
1235,Tuáº§n nÃ o cÅ©ng sáº½ á»§ng há»™ : ),positive
1236,"BÃ¡nh cupcake ngon , má»m vÃ  xá»‘p : *",positive
1237,GiÃ¡ cáº£ má»m cho giá»›i tráº» .,positive
1238,BÃ¡nh chá»‰ cÃ³ 1 size lÃ  30cm,negative
1239,TrÆ°a náº¯ng mÃ  quÃ¡n Ä‘Ã´ng ngháº¹t .,positive
1240,nhÃ¢n viÃªn nhiá»‡t tÃ¬nh vÃ  dá»… thÆ°Æ¡ng láº¯m .,positive
1241,"nhÃ¢n viÃªn phá»¥c vá»¥ chua Ä‘Ã¡o , nhiá»‡t tÃ¬nh",positive
1242,"â€¢ BÃ¡nh tok dai , cÃ³ pháº§n hÆ¡i sÆ°á»£n .",negative
1243,Chá»‰ cÃ³ nhÃ¢n viÃªn thÃ¡i Ä‘á»™ kÃ¬ cá»¥c chÆ°a tá»«ng tháº¥y,negative
1244,Sáº½ quay láº¡i quÃ¡n láº§n ná»¯a ; ),positive
1245,NhÃ¢n viÃªn Ä‘Ã´ng mÃ  khÃ´ng hiá»‡u quáº£,negative
1246,GiÃ¡ cáº£ thÃ¬ táº¥t nhiÃªn lÃ  Ä‘áº¯t .,negative
1247,Láº©u Tom Yum chua chua ngá»t ngá»t ngon láº¯m .,positive
1248,- Chá»‹ quáº£n lÃ½ nÃ³i chuyá»‡n ráº¥t dá»… thÆ°Æ¡ng,positive
1249,Tiáº¿c lÃ  khÃ´ng cÃ³ mÃ¬ Ä‘en,negative
1250,- Má»™t tÃ´ bÃ¬nh thÆ°á»ng Äƒn Ä‘á»§ no,positive
1251,"Phá»¥c vá»¥ nhanh nháº¹n , vui váº» láº¯m áº¡ : ) )",positive
1252,VÃ  Ä‘á»“ Äƒn á»Ÿ Ä‘Ã¢y ráº¥t Ä‘áº¯t,negative
1253,CÅ©ng Ä‘Ã¡ng Ä‘á»ƒ mÃª máº©n láº¯m áº¡   ) ),positive
1254,Thá»i gian Ä‘á»£i bÃ¡nh hÆ¡i lÃ¢u . Khoáº£ng 30-45 phÃºt,negative
1255,KÃªu thÃ¬ lÃ¢u lÃªn : v,negative
1256,TÃ³m láº¡i : má»™t Ä‘áº¿n vÃ  khÃ´ng bao giá» quay láº¡i .,negative
1257,"KhÃ´ng gian sáº¡ch sáº½ , gá»n gÃ ng , hÆ¡i nhá» .",positive
1258,ThÃ­ch Ä‘á»“ Äƒn thÃ¡i á»Ÿ Ä‘Ã¢y .,positive
1259,Äá»“ uá»‘ng thÃ¬ khá»i nÃ³i rá»“i,positive
1260,NhÆ°ng mÃ  khi mua pháº£i Ä‘á»£i hÆ¡i lÃ¢u ğŸ˜,negative
1261,NÃ³i chung quÃ¡n ko cÃ³ gÃ¬ Ä‘áº·c sáº¯c Ä‘á»ƒ áº¥n tÆ°á»£ng .,negative
1262,Náº¿u khÃ´ng nháº¯c cháº¯c nhÃ¢n viÃªn cÅ©ng cháº³ng thÃ¨m Ä‘á»ƒ Ã½ .,negative
1263,"cÃ´ chá»§ phá»¥c vá»¥ nhiá»‡t tÃ¬nh , nháº¹ nhÃ ng , dá»… thÆ°Æ¡ng",positive
1264,khÃ´ng gian nhá» decor khÃ´ng cÃ³ gÃ¬ ná»•i báº­t háº¿t,negative
1265,Phá»¥c vá»¥ cá»±c cá»±c kÃ¬ dá»… thÆ°Æ¡ng nha,positive
1266,Sáº½ luÃ´n ghÃ© á»§ng há»™ quÃ¡n !,positive
1267,"2 . ThÃ¡i Ä‘á»™ nhÃ¢n viÃªn "" ráº¥t "" tá»‡ :",negative
1268,1 gháº¹ chiÃªn 15k,positive
1269,Káº¿t quáº£ : MÃ¬nh mua vá» nhÃ  lÃ m cÅ©ng Ä‘Æ°á»£c,negative
1270,- Thá»©c Äƒn khÃ´ng cÃ³ gÃ¬ Ä‘áº·c sáº¯c .,negative
1271,CÃ³ cáº£ chÃ¨ háº¡t sen . . hehe,positive
1272,- GiÃ¡ cáº£ : vá»«a vá»›i há»c sinh vÃ  sinh viÃªn .,positive
1273,KhÃ´ng bao giá» quay láº¡i Ä‘Ã¢y ná»¯a !,negative
1274,nÃ³i chung lÃ  lÆ°á»£n nhÃ© cÆ°g ... never come back,negative
1275,NÃ³i chung á»Ÿ Ä‘Ã¢y ráº¥t tuyá»‡t ... ^ ^,positive
1276,- vÃ o quÃ¡n cÃ¡i lÃ  cÃ³ mÃ¹i,negative
1277,KhÃ´ng bao giá» quay láº¡i Ä‘Ã¢y ná»¯a .,negative
1278,"GiÃ¡ phÃ¹ há»£p cho sinh viÃªn , like máº¡nh .",positive
1279,NÆ¡i Ä‘á»ƒ tá»¥ táº­p báº¡n bÃ¨ vá»›i nhau,positive
1280,"Tuy nhiÃªn , cÃ´ nv phá»¥c vá»¥ nhiá»‡t tÃ¬nh .",positive
1281,Gia Ì ca Ìƒ hÆ¡ Ì£ p li Ì,positive
1282,Sinh tá»‘ kiwi Ä‘Ã o ngon thÆ¡m,positive
1283,"- NhÃ¢n viÃªn phá»¥c vá»¥ táº­n tÃ¬nh , nháº¹ nhÃ ng , nÄƒng Ä‘á»™ng .",positive
1284,"3 . Thá»©c Äƒn : GiÃ¡ á»•n , thá»©c Äƒn ngon .",positive
1285,"CÃ³ , káº¿t quáº£ lÃ  nÆ°á»›c tá»« Ä‘á»“ uá»‘ng kháº¯p bÃ n : (",negative
1286,KhÃ´ng dÃ¡m quay láº¡i luÃ´n,negative
1287,- Wifi hÆ¡i bá»‹ máº¡nhhhh Ä‘Ã³oo,positive
1288,Cháº¥t lÆ°á»£ng mÃ³n Äƒn thÃ¬ tÆ°Æ¡ng Ä‘á»‘i,positive
1289,NÃ³i chung quand nÃ y k ngon mÃ  máº¯c,negative
1290,Phá»¥c vá»¥ Äƒn sÃ¡ng bÃ¡nh mÃ¬ ngon,positive
1291,"NÆ°á»›c Ä‘áº­m vá»‹ , thÆ¡m ngon .",positive
1292,KhÃ´ng gian sáº¡ch sáº½ giÃ¡ khÃ¡ ráº»,negative
1293,+ BÃ¡nh bao phong sa trá»©ng sá»¯a ngon,positive
1294,MÃ¬nh thik nhá»©t nc bÃ­ ngÃ´,positive
1295,"- NhÃ¢n viÃªn : dá»… thÆ°Æ¡ng , phá»¥c vá»¥ tÆ°Æ¡ng Ä‘á»‘i tá»‘t .",positive
1296,Cháº¯c cháº¯n báº¡n sáº½ ko tháº¥t vá»ng ğŸ˜˜ ğŸ˜˜ ğŸ˜˜,positive
1297,NhÆ°ng mÃ  Äƒn thÃ¬ nhÆ° háº¡ch váº­y,negative
1298,Äá»“ uá»‘ng khÃ¡ phong phÃº vÃ  háº¥p dáº«n,positive
1299,QuÃ¡n Ä‘áº¹p vÃ  bá»‘ trÃ­ há»£p lÃ½,positive
1300,NhÃ¢n viÃªn ráº¥t thÃ¢n thiá»‡n vÃ  dá»… thÆ°Æ¡ng .,positive
1301,- Lá»±a Ä‘á»“ Äƒn cÅ©ng khÃ¡ háº¥p dáº«n,negative
1302,"QuÃ¡n khÃ¡ Ä‘Ã´ng , hÆ¡i nÃ³ng.",negative
1303,"Váº­y thÃ´i , bÃ¡i bai chá»— nÃ y nha .",negative
1304,ThÃ­ch nháº¥t mÃ³n xÃ´i xoÃ i,positive
1305,Ráº¥t Æ°ng quÃ¡n Ä‘á»ƒ tá»¥ táº­p,positive
1306,CÃ³ lÃªn sá»c tráº¯ng nhiá»u,negative
1307,+ cÃ¡c loáº¡i trÃ  khÃ¡ phong phÃº,positive
1308,+ BÃ¡nh bá»™t cá»§ cáº£i chiÃªn trá»©ng,negative
1309,QuÃ¡n cáº§n thay Ä‘á»•i cÃ¡c phá»¥c vá»¥ !,negative
1310,NhÃ¢n viÃªn thÃ¬ nhiá»‡t tÃ¬nh thÃ¢n thiá»‡n gáº§n gÅ©i,positive
1311,"1 pháº§n khÃ¡ Ã­t , Äƒn ko no .",negative
1312,Ráº¥t Æ°ng hÃ ng nÃ y : 3 .,positive
1313,"NhÃ  hÃ ng sáº¡ch sáº½ , Ä‘á»“ Äƒn ráº» , ngon ,",positive
1314,TÃ³m láº¡i cÃ³ thá»ƒ sáº½ k quay láº¡i láº§n ná»¯a . .,negative
1315,ThÃªm cÃ¡i lÃ  nhÃ¢n viÃªn nhiá»‡t tÃ¬nh : ),positive
1316,TrÃ  sá»¯a ngon dá»… uá»‘ng .,positive
1317,Sáº½ quay láº¡i á»§ng há»™ anh chá»‹ ! !,positive
1318,"TÃ³m láº¡i : quÃ¡n bÃ¬nh thÆ°á»ng , thua nhiá»u quÃ¡n khÃ¡c !",negative
1319,"Phá»¥c vá»¥ chu Ä‘Ã¡o , hay cÆ°á»i , nhanh nháº¹n .",positive
1320,KhÃ¡ch ruá»™t lun rá»“i hihiii,positive
1321,NghÃªu nÆ°á»›ng phÃ´ mai 35 ngÃ n,positive
1322,Háº¹n ra LÃ½ SÆ¡n vÃ o dá»‹p khÃ¡c,positive
1323,Cáº£m tháº¥y thoáº£i mÃ£n cÆ¡n thÃ¨m,positive
1324,MÃ¬nh sáº½ quay láº¡i Ä‘Ã¢y !,positive
1325,Bá»‹ thÃ­ch chai nÆ°á»›c hoa quáº£,positive
1326,- nhÃ¢n viÃªn hÆ¡i khÃ´ng nhiá»‡t tÃ¬nh láº¯m .,negative
1327,TrÃ  sá»¯a trÃ xanh cÅ©ng ngon ná»¯a,positive
1328,Cáº§n xem láº¡i nv vÃ  ng náº¥u Ä‘á»“ Äƒn,negative
1329,P / s : sáº½ quay láº¡i,positive
1330,Pháº§n cáº£i trá»™n cÃ²n sÅ©ng nÆ°á»›c khÃ´ng ngon .,negative
1331,"NhÃ¢n viÃªn : thÃ¢n thiá»‡n dá»… thÆ°Æ¡ng , phá»¥c vá»¥ tá»‘t .",positive
1332,Vá» Ä‘á»“ uá»‘ng : Pha cháº¿ chÃ¡n láº¯m,negative
1333,"- phá»¥c vá»¥ : thÃ¢n thiá»‡n , nhanh nháº¹n , nhiá»‡t tÃ¬nh , chuyÃªn nghiá»‡p",positive
1334,"ChÃ¨ ngon Äƒn Ä‘Æ°á»£c thoÃ¡ng mÃ¡t ,",positive
1335,NhÃ¢n viÃªn phá»¥c vá»¥ nhiá»‡t tÃ¬nh vÃ  vui váº» .,positive
1336,QuÃ¡n j mak Dá»¡ Kinh tÃµm,negative
1337,QuÃ¡n sáº¡ch sáº½ vÃ  phá»¥c vá»¥ nhanh !,positive
1338,TÃ´i ráº¥t thÃ­ch quÃ¡n nÃ y : ),positive
1339,6 XÃ´i máº·n - - > k co Ì,negative
1340,"Náº¿u Ä‘Ã£ phá»¥c vá»¥ nhÆ° váº­y thÃ¬ mÃ¬nh cÅ©ng "" KHÃ”NG CÃ“ Láº¦N SAU ÄÃ‚U "" .",negative
1341,"Chá»— Ä‘á»ƒ xe Ã­t , cÃ³ khÃ³a xÃ­ch .",negative
1342,ChÃ  bÃ´ng ráº£i Ä‘á»u ko tiáº¿t kiá»‡m ğŸ˜ ğŸ˜ ğŸ˜,positive
1343,cáº¡ch luÃ´n chá»— nÃ y rá»“i,negative
1344,- máº¥y miáº¿ng phomai tam giÃ¡c beo bÃ©o,positive
1345,"CÆ¡m khÃ´ , nguá»™i , thá»‹t khÃ´ queo",negative
1346,"NhÃ¢n viÃªn nhanh nháº¹n , thÃ¢n thiá»‡n , biáº¿t viá»‡c .",positive
1347,"3 / NhÃ¢n viÃªn dá»… thÆ°Æ¡ng , cÅ©ng nhiá»‡t tÃ¬nh .",positive
1348,- 2 nhÃ¢n viÃªn nam lá» Ä‘á» phá»¥c vá»¥ cháº­m cháº¡p,negative
1349,Láº§n Ä‘áº§u tiÃªn cÅ©ng nhÆ° láº§n cuá»‘i mÃ¬nh mua,negative
1350,ÄÆ°á»£c Ãºn trÃ  Ä‘Ã¡ miá»…n phÃ­,negative
1351,KhÃ´ng gian cá»±c kÃ¬ sáº¡ch sáº½ vÃ  thanh lá»‹ch .,positive
1352,CÃ´ mÃ¬nh thÃ­ch láº¯m nhÃ© : D,positive
1353,Phá»¥c vá»¥ thÃ¬ tá»‘t khá»i nÃ³i,positive
1354,nhÆ°ng sá»¯a váº«n chÆ°a ngon láº¯m,negative
1355,"phÃ²ng á»‘c nhá» , cáº§u thang khÃ³ Ä‘i",negative
1356,"Thá»©c Äƒn & thá»©c uá»‘ng Ä‘a dáº¡ng , giÃ¡ cáº£ phÃ¹ há»£p",positive
1357,Nháº¥t Ä‘á»‹nh sáº½ pháº£i ghÃ© láº¡i .,positive
1358,QuÃ¡n cá»‘ gáº¯ng phÃ¡t triá»ƒn nhaaa < 3,positive
1359,"KhÃ´ng gian sáº¡ch sáº½ , thoÃ¡ng , nháº¡c nháº¹ nhÃ ng .",positive
1360,MÃ¡y láº¡nh nhÃ¢n viÃªn thÃ¢n thiá»‡n Ä‘á»“ uá»‘ng ngon,positive
1361,Giá» vá» tráº£ láº¡i phiáº¿u .,negative
1362,Hy vá»ng quÃ¡n tham kháº£o Ã½ kiáº¿n khÃ¡ch hÃ ng Ä‘á»ƒ cáº£i tiáº¿n nhÃ© .,negative
1363,"GiÃ¡ cáº£ khÃ¡ á»•n : ) , nÃªn thá»­ nÃ¨ ! ! ! ! ! ! !",positive
1364,Xuka caramen ngon nháº¥t HÃ  Ná»™i .,positive
1365,hÆ¡i máº·n Ä‘á»‘i vá»›i kháº©u vá»‹ cá»§a mÃ¬nh,negative
1366,Ta nÃ³i sá»£ foody lun ! ! !,negative
1367,TÃ¬m Ä‘Æ°á»ng voi quÃ¡n cÅ©ng Ä‘á»a Ä‘Ã y luÃ´n : ( (,negative
1368,Sáº½ khÃ´ng mong ghÃ© láº¡i ğŸ˜  ğŸ˜–,negative
1369,"- NhÃ¢n viÃªn thÃ¢n thiá»‡n , dá»… tÃ­nh , phá»¥c vá»¥ nhanh nháº¹n",positive
1370,Sa táº¿ vÃ  tÆ°Æ¡ng cá»±c thÆ¡m .,positive
1371,Äiá»ƒm trá»« duy nháº¥t lÃ  10% thuáº¿,negative
1372,KhÃ´ng gian ngay máº·t tiá»n Ä‘Æ°á»ng mÃ¡t máº»,positive
1373,MÃ¬nh thÃ­ch rá»“i Ä‘Ã³ nha : ),positive
1374,CÃ³ chá»— ngá»“i dÃ¹ng táº¡i quÃ¡n,positive
1375,Ngon ko ngá» luÃ´n : D,positive
1376,Äi tÃ¬m quÃ¡n nÃ y cÃ¹ng con báº¡n ...,negative
1377,Váº­y mÃ  ko hiá»ƒu sao Ä‘Ã´ng khÃ¡ch tháº¿ nhá»‰ ?,negative
1378,Äá»£i transformer ra Ä‘i tiáº¿p ... . Hihi : ),positive
1379,láº§n Ä‘áº§u tiÃªn cÅ©ng nhÆ° lÃ  láº§n cuá»‘i cÃ¹ng,negative
1380,Yogurt viá»‡t quá»‘c thÆ¡m ngon,positive
1381,"Thá»‹t nÆ°á»›ng ráº¥t ngon , khÃ´ng gian Ä‘áº¹p yÃªn tÄ©nh ...",positive
1382,NÃ³i chung chia tay cÃ³ lÃ­ do Ä‘Ã³ huhu,negative
1383,"Vá» nhÃ¢n viÃªn : thÃ¢n thiá»‡n , nhiá»‡t tÃ¬nh , vui váº» ğŸ˜Š",positive
1384,cháº£ má»±c háº¡ long cÅ©ng táº¡m,positive
1385,â™¢ NhÃ¢n viÃªn máº·c Ã¡o thÆ°á»ng phá»¥c nÃªn khÃ³ phÃ¢n biá»‡t,negative
1386,Báº¡n nhÃ¢n viÃªn thÃ¬ khÃ¡ thÃ¢n thiá»‡n .,positive
1387,  Phá»¥c vá»¥ há»i há»£t khÃ´ng táº­n tÃ¬nh .,negative
1388,Cháº¯c cháº¯n sáº½ quay láº¡i massage body â˜º ï¸ â¤ ï¸,positive
1389,"Menu Ä‘a dáº¡ng , ráº¥t nhiá»u mÃ³n .",positive
1390,- Â  Báº¯p ran khÃ´ng ngon máº¯c,negative
1391,"Phuc vá»¥ nhanh nháº¹n , táº­n tÃ¬nh , chu Ä‘Ã¡o .",positive
1392,ChÃ o quyáº¿t liá»‡t vÃ  biáº¿n Ä‘Ã¢y !,negative
1393,Phomai que thÃ¬ tá»‡ cá»±c : ( ( (,negative
1394,"p / s : WC báº©n quÃ¡ áº¡ > "" <",negative
1395,Pháº§n Äƒn ngon vÃ  Ä‘áº§y Ä‘áº·n .,positive
1396,Kem quÃ¡ ngá»t -> gáº¯t cá»•,negative
1397,- nÆ°á»›c ngon láº¯m giÃ¡ há»£p lÃ½ .,positive
1398,"Lá»‹ch sá»± , kÄ© tÃ­nh , bÃ¡c bv cÅ©g vui váº» .",positive
1399,Ratouliie ráº¥t thÆ¡m vÃ  vá»«a miá»‡ng .,positive
